,FIPS,county_munitype_max,county_oncepower_max,county_recircpower_max
0,1001,fg,fsa,fsa
1,1003,fg,fsa,fsa
2,1005,fg,fsa,fsa
3,1007,fg,fsa,fsa
4,1009,fsa,fsa,fsa
5,1011,fg,fsa,fsa
6,1013,fg,fsa,fsa
7,1015,fg,fsa,fsa
8,1017,fsa,fsa,fsa
9,1019,fg,fsa,fsa
10,1021,fg,fsa,fsa
11,1023,fg,fsa,fsa
12,1025,fg,fsa,fsa
13,1027,fsa,fsa,fsa
14,1029,fsa,fsa,fsa
15,1031,fg,fsa,fsa
16,1033,fsa,fsa,fsa
17,1035,fg,fsa,fsa
18,1037,fg,fsa,fsa
19,1039,fg,fsa,fsa
20,1041,fg,fsa,fsa
21,1043,fsa,fsa,fsa
22,1045,fg,fsa,fsa
23,1047,fg,fsa,fsa
24,1049,fsa,fsa,fsa
25,1051,fsa,fsa,fsa
26,1053,fg,fsa,fsa
27,1055,fsa,fsa,fsa
28,1057,fsa,fsa,fsa
29,1059,fsa,fsa,fsa
30,1061,fg,fsa,fsa
31,1063,fg,fsa,fsa
32,1065,fg,fsa,fsa
33,1067,fg,fsa,fsa
34,1069,fg,fsa,fsa
35,1071,fsa,fsa,fsa
36,1073,fsa,fsa,fsa
37,1075,fg,fsa,fsa
38,1077,fsa,fsa,fsa
39,1079,fsa,fsa,fsa
40,1081,fsa,fsa,fsa
41,1083,fsa,fsa,fsa
42,1085,fg,fsa,fsa
43,1087,fsa,fsa,fsa
44,1089,fsa,fsa,fsa
45,1091,fg,fsa,fsa
46,1093,fsa,fsa,fsa
47,1095,fsa,fsa,fsa
48,1097,fsa,fsa,fsa
49,1099,fg,fsa,fsa
50,1101,fsa,fsa,fsa
51,1103,fsa,fsa,fsa
52,1105,fg,fsa,fsa
53,1107,fg,fsa,fsa
54,1109,fg,fsa,fsa
55,1111,fsa,fsa,fsa
56,1113,fsa,fsa,fsa
57,1115,fg,fsa,fsa
58,1117,fg,fsa,fsa
59,1119,fg,fsa,fsa
60,1121,fg,fsa,fsa
61,1123,fsa,fsa,fsa
62,1125,fsa,fsa,fsa
63,1127,fsa,fsa,fsa
64,1129,fg,fsa,fsa
65,1131,fsa,fsa,fsa
66,1133,fsa,fsa,fsa
67,2013,fsa,fsa,fsa
68,2016,fsa,fsa,fsa
69,2020,fsa,fsa,fsa
70,2050,fg,fsa,fsa
71,2060,fg,fsa,fsa
72,2068,fg,fsa,fsa
73,2070,fg,fsa,fsa
74,2090,fg,fsa,fg
75,2100,fsa,fsa,fsa
76,2105,fg,fsa,fsa
77,2110,fsa,fsa,fsa
78,2122,fsa,fsa,fg
79,2130,fsa,fsa,fsa
80,2150,fsa,fsa,fsa
81,2158,fsa,fsa,fsa
82,2164,fg,fsa,fsa
83,2170,fg,fsa,fsa
84,2180,fg,fsa,fsa
85,2185,fsa,fsa,fsa
86,2188,fsa,fsa,fsa
87,2195,fsa,fsa,fsa
88,2198,fsa,fsa,fsa
89,2220,fsa,fsa,fsa
90,2230,fg,fsa,fsa
91,2240,fg,fsa,fsa
92,2261,fg,fsa,fsa
93,2275,fsa,fsa,fsa
94,2282,fg,fsa,fsa
95,2290,fg,fsa,fsa
96,4001,fg,fsa,fg
97,4003,fg,fsa,fg
98,4005,fg,fsa,fsa
99,4007,fg,fsa,fsa
100,4009,fg,fsa,fsa
101,4011,fg,fsa,fsa
102,4012,fg,fsa,fsa
103,4013,fsa,fsa,fg
104,4015,fg,fsa,fsa
105,4017,fg,fsa,fg
106,4019,fg,fsa,fg
107,4021,fg,fsa,fsa
108,4023,fg,fsa,fsa
109,4025,fg,fsa,fsa
110,4027,fsa,fsa,fsa
111,5001,fg,fsa,fg
112,5003,fg,fsa,fsa
113,5005,fsa,fsa,fsa
114,5007,fsa,fsa,fsa
115,5009,fg,fsa,fsa
116,5011,fg,fsa,fsa
117,5013,fg,fsa,fsa
118,5015,fsa,fsa,fsa
119,5017,fg,fsa,fsa
120,5019,fsa,fsa,fsa
121,5021,fg,fsa,fsa
122,5023,fsa,fsa,fsa
123,5025,fg,fsa,fsa
124,5027,fsa,fsa,fsa
125,5029,fsa,fsa,fsa
126,5031,fg,fsa,fsa
127,5033,fsa,fsa,fsa
128,5035,fg,fsa,fsa
129,5037,fg,fsa,fsa
130,5039,fg,fsa,fsa
131,5041,fg,fsa,fsa
132,5043,fg,fsa,fsa
133,5045,fsa,fsa,fsa
134,5047,fsa,fsa,fsa
135,5049,fg,fsa,fsa
136,5051,fsa,fsa,fsa
137,5053,fg,fsa,fsa
138,5055,fg,fsa,fsa
139,5057,fg,fsa,fsa
140,5059,fsa,fsa,fsa
141,5061,fsa,fsa,fsa
142,5063,fsa,fsa,fsa
143,5065,fg,fsa,fsa
144,5067,fg,fsa,fsa
145,5069,fg,fsa,fsa
146,5071,fsa,fsa,fsa
147,5073,fg,fsa,fsa
148,5075,fg,fsa,fsa
149,5077,fg,fsa,fsa
150,5079,fg,fsa,fsa
151,5081,fsa,fsa,fsa
152,5083,fsa,fsa,fsa
153,5085,fg,fsa,fsa
154,5087,fg,fsa,fsa
155,5089,fsa,fsa,fsa
156,5091,fg,fsa,fsa
157,5093,fg,fsa,fsa
158,5095,fg,fsa,fsa
159,5097,fsa,fsa,fsa
160,5099,fg,fsa,fsa
161,5101,fg,fsa,fsa
162,5103,fsa,fsa,fsa
163,5105,fg,fsa,fsa
164,5107,fg,fsa,fsa
165,5109,fsa,fsa,fsa
166,5111,fg,fsa,fsa
167,5113,fsa,fsa,fsa
168,5115,fsa,fsa,fsa
169,5117,fg,fsa,fsa
170,5119,fsa,fsa,fg
171,5121,fsa,fsa,fsa
172,5123,fg,fsa,fsa
173,5125,fsa,fsa,fsa
174,5127,fsa,fsa,fsa
175,5129,fsa,fsa,fsa
176,5131,fsa,fsa,fsa
177,5133,fsa,fsa,fsa
178,5135,fg,fsa,fsa
179,5137,fsa,fsa,fsa
180,5139,fg,fsa,fsa
181,5141,fsa,fsa,fsa
182,5143,fsa,fsa,fsa
183,5145,fsa,fsa,fsa
184,5147,fg,fsa,fsa
185,5149,fsa,fsa,fsa
186,6001,fsa,fsa,fsa
187,6003,fsa,fsa,fsa
188,6005,fsa,fsa,fsa
189,6007,fg,fsa,fsa
190,6009,fsa,fsa,fsa
191,6011,fg,fsa,fg
192,6013,fsa,ss,fg
193,6015,fg,fsa,fsa
194,6017,fsa,fsa,fsa
195,6019,fg,fsa,fg
196,6021,fg,fsa,fsa
197,6023,fg,fsa,fsa
198,6025,fsa,fsa,fsa
199,6027,fg,fsa,sg
200,6029,fg,fsa,fg
201,6031,fg,fsa,fsa
202,6033,fg,fsa,sg
203,6035,fg,fsa,fg
204,6037,fsa,ss,fsa
205,6039,fg,fsa,fsa
206,6041,fsa,fsa,fsa
207,6043,fg,fsa,fsa
208,6045,fsa,fsa,fsa
209,6047,fg,fsa,fg
210,6049,fg,fsa,fsa
211,6051,fsa,fsa,fsa
212,6053,fg,ss,fg
213,6055,fsa,fsa,fsa
214,6057,fsa,fsa,fsa
215,6059,fg,ss,fsa
216,6061,fsa,fsa,fsa
217,6063,fg,fsa,fsa
218,6065,fg,fsa,fg
219,6067,fg,fsa,fsa
220,6069,fg,fsa,fsa
221,6071,fg,fsa,fg
222,6073,fsa,ss,fsa
223,6075,fsa,fsa,fsa
224,6077,fsa,fsa,fsa
225,6079,fsa,ss,fsa
226,6081,fsa,fsa,fsa
227,6083,fsa,fsa,fsa
228,6085,fsa,fsa,fg
229,6087,fg,fsa,fsa
230,6089,fsa,fsa,fg
231,6091,fg,fsa,fsa
232,6093,fg,fsa,fsa
233,6095,fsa,fsa,fsa
234,6097,fsa,fsa,sg
235,6099,fg,fsa,fg
236,6101,fsa,fsa,fg
237,6103,fg,fsa,fsa
238,6105,fsa,fsa,fsa
239,6107,fg,fsa,fg
240,6109,fsa,fsa,fg
241,6111,fsa,ss,fsa
242,6113,fg,fsa,fsa
243,6115,fg,fsa,fsa
244,8001,fsa,fsa,fsa
245,8003,fg,fsa,fsa
246,8005,fsa,fsa,fsa
247,8007,fsa,fsa,fsa
248,8009,fg,fsa,fsa
249,8011,fg,fsa,fsa
250,8013,fsa,fsa,fsa
251,8014,fsa,fsa,fsa
252,8015,fsa,fsa,fsa
253,8017,fg,fsa,fsa
254,8019,fsa,fsa,fsa
255,8021,fg,fsa,fsa
256,8023,fg,fsa,fsa
257,8025,fg,fsa,fsa
258,8027,fg,fsa,fsa
259,8029,fsa,fsa,fsa
260,8031,fsa,fsa,fsa
261,8033,fsa,fsa,fsa
262,8035,fg,fsa,fsa
263,8037,fsa,fsa,fsa
264,8039,fg,fsa,fsa
265,8041,fsa,fsa,fg
266,8043,fsa,fsa,fsa
267,8045,fsa,fsa,fsa
268,8047,fsa,fsa,fsa
269,8049,fsa,fsa,fsa
270,8051,fg,fsa,fsa
271,8053,fg,fsa,fsa
272,8055,fsa,fsa,fsa
273,8057,fg,fsa,fsa
274,8059,fsa,fsa,fsa
275,8061,fg,fsa,fsa
276,8063,fg,fsa,fsa
277,8065,fsa,fsa,fsa
278,8067,fsa,fsa,fsa
279,8069,fsa,fsa,fsa
280,8071,fsa,fsa,fsa
281,8073,fg,fsa,fsa
282,8075,fg,fsa,fsa
283,8077,fsa,fsa,fsa
284,8079,fg,fsa,fsa
285,8081,fsa,fsa,fsa
286,8083,fsa,fsa,fsa
287,8085,fsa,fsa,fsa
288,8087,fsa,fsa,fsa
289,8089,fg,fsa,fsa
290,8091,fsa,fsa,fsa
291,8093,fg,fsa,fsa
292,8095,fg,fsa,fsa
293,8097,fsa,fsa,fsa
294,8099,fg,fsa,fsa
295,8101,fsa,fsa,fsa
296,8103,fg,fsa,fsa
297,8105,fg,fsa,fsa
298,8107,fsa,fsa,fsa
299,8109,fg,fsa,fsa
300,8111,fsa,fsa,fsa
301,8113,fsa,fsa,fsa
302,8115,fg,fsa,fsa
303,8117,fsa,fsa,fsa
304,8119,fsa,fsa,fsa
305,8121,fg,fsa,fsa
306,8123,fsa,fsa,fsa
307,8125,fg,fsa,fsa
308,9001,fsa,ss,fsa
309,9003,fsa,fsa,fsa
310,9005,fsa,fsa,fsa
311,9007,fg,fsa,fsa
312,9009,fsa,ss,fsa
313,9011,fsa,ss,fsa
314,9013,fg,fsa,fsa
315,9015,fg,fsa,fsa
316,10001,fg,fsa,fg
317,10003,fsa,ss,fsa
318,10005,fg,fsa,ss
319,11001,fg,fsa,fsa
320,12001,fg,fsa,fg
321,12003,fg,fsa,fsa
322,12005,fsa,ss,fg
323,12007,fg,fsa,fsa
324,12009,fsa,ss,fsa
325,12011,fg,ss,fsa
326,12013,fg,fsa,fsa
327,12015,fsa,fsa,fsa
328,12017,fg,ss,fg
329,12019,fg,fsa,fsa
330,12021,fg,fsa,fsa
331,12023,fg,fsa,fsa
332,12027,fsa,fsa,fsa
333,12029,fg,fsa,fsa
334,12031,fg,ss,fg
335,12033,fg,fsa,fg
336,12035,fg,fsa,fsa
337,12037,fg,fsa,fsa
338,12039,fg,fsa,fsa
339,12041,fg,fsa,fsa
340,12043,fg,fsa,fsa
341,12045,fsa,fsa,fsa
342,12047,fg,fsa,fsa
343,12049,fg,fsa,fg
344,12051,sg,fsa,fsa
345,12053,fg,fsa,fsa
346,12055,fg,fsa,fsa
347,12057,fsa,ss,fsa
348,12059,fg,fsa,fsa
349,12061,sg,ss,fsa
350,12063,fg,fsa,fsa
351,12065,fg,fsa,fsa
352,12067,fg,fsa,fsa
353,12069,fg,fsa,fg
354,12071,fg,ss,fsa
355,12073,fg,fsa,fg
356,12075,fg,fsa,fsa
357,12077,fg,fsa,fg
358,12079,fg,fsa,fsa
359,12081,fsa,fsa,fsa
360,12083,fg,fsa,fsa
361,12085,sg,fsa,fsa
362,12086,fg,sg,fg
363,12087,fg,fsa,fsa
364,12089,fg,fsa,fsa
365,12091,fg,fsa,fsa
366,12093,fsa,fsa,fsa
367,12095,fg,fsa,fg
368,12097,fg,fsa,fg
369,12099,fg,ss,fg
370,12101,fg,ss,fg
371,12103,fg,ss,fsa
372,12105,fg,fsa,fg
373,12107,fg,fsa,fsa
374,12109,fg,fsa,fsa
375,12111,sg,ss,sg
376,12113,fg,fsa,fg
377,12115,sg,fsa,fsa
378,12117,fg,fsa,fsa
379,12119,fg,fsa,fsa
380,12121,fg,fsa,fsa
381,12123,fg,fsa,fsa
382,12125,fg,fsa,fsa
383,12127,fg,fsa,fsa
384,12129,fg,fsa,fsa
385,12131,fg,fsa,fsa
386,12133,fg,fsa,fsa
387,13001,fg,fsa,fsa
388,13003,fg,fsa,fsa
389,13005,fg,fsa,fsa
390,13007,fg,fsa,fsa
391,13009,fsa,fsa,fsa
392,13011,fsa,fsa,fsa
393,13013,fsa,fsa,fsa
394,13015,fsa,fsa,fsa
395,13017,fg,fsa,fsa
396,13019,fg,fsa,fsa
397,13021,fsa,fsa,fsa
398,13023,fg,fsa,fsa
399,13025,fg,fsa,fsa
400,13027,fg,fsa,fsa
401,13029,fg,fsa,fsa
402,13031,fg,fsa,fsa
403,13033,fg,fsa,fsa
404,13035,fsa,fsa,fsa
405,13037,fg,fsa,fsa
406,13039,fg,fsa,fsa
407,13043,fg,fsa,fsa
408,13045,fsa,fsa,fsa
409,13047,fsa,fsa,fsa
410,13049,fg,fsa,fsa
411,13051,fg,ss,fsa
412,13053,fg,fsa,fsa
413,13055,fsa,fsa,fsa
414,13057,fsa,fsa,fsa
415,13059,fsa,fsa,fsa
416,13061,fg,fsa,fsa
417,13063,fsa,fsa,fsa
418,13065,fg,fsa,fsa
419,13067,fsa,fsa,fsa
420,13069,fg,fsa,fsa
421,13071,fg,fsa,fsa
422,13073,fsa,fsa,fsa
423,13075,fg,fsa,fsa
424,13077,fsa,fsa,fsa
425,13079,fg,fsa,fsa
426,13081,fg,fsa,fsa
427,13083,fsa,fsa,fsa
428,13085,fsa,fsa,fsa
429,13087,fg,fsa,fsa
430,13089,fg,fsa,fsa
431,13091,fg,fsa,fsa
432,13093,fg,fsa,fsa
433,13095,fg,fsa,fsa
434,13097,fsa,fsa,fsa
435,13099,fg,fsa,fsa
436,13101,fg,fsa,fsa
437,13103,fsa,fsa,fsa
438,13105,fsa,fsa,fsa
439,13107,fg,fsa,fsa
440,13109,fg,fsa,fsa
441,13111,fsa,fsa,fsa
442,13113,fsa,fsa,fsa
443,13115,fsa,fsa,fsa
444,13117,fsa,fsa,fsa
445,13119,fsa,fsa,fsa
446,13121,fsa,fsa,fsa
447,13123,fsa,fsa,fsa
448,13125,fg,fsa,fsa
449,13127,fg,ss,fsa
450,13129,fsa,fsa,fsa
451,13131,fg,fsa,fsa
452,13133,fsa,fsa,fsa
453,13135,fg,fsa,fsa
454,13137,fsa,fsa,fsa
455,13139,fsa,fsa,fsa
456,13141,fsa,fsa,fsa
457,13143,fsa,fsa,fsa
458,13145,fsa,fsa,fsa
459,13147,fsa,fsa,fsa
460,13149,fsa,fsa,fsa
461,13151,fsa,fsa,fsa
462,13153,fg,fsa,fsa
463,13155,fg,fsa,fsa
464,13157,fsa,fsa,fsa
465,13159,fsa,fsa,fsa
466,13161,fg,fsa,fsa
467,13163,fg,fsa,fsa
468,13165,fg,fsa,fsa
469,13167,fg,fsa,fsa
470,13169,fg,fsa,fsa
471,13171,fsa,fsa,fsa
472,13173,fg,fsa,fsa
473,13175,fsa,fsa,fsa
474,13177,fg,fsa,fsa
475,13179,fg,fsa,fsa
476,13181,fg,fsa,fsa
477,13183,fg,fsa,fsa
478,13185,fg,fsa,fsa
479,13187,fsa,fsa,fsa
480,13189,fsa,fsa,fsa
481,13191,fg,fsa,fsa
482,13193,fg,fsa,fsa
483,13195,fg,fsa,fsa
484,13197,fg,fsa,fsa
485,13199,fg,fsa,fsa
486,13201,fg,fsa,fsa
487,13205,fg,fsa,fg
488,13207,fsa,fsa,fsa
489,13209,fg,fsa,fsa
490,13211,fsa,fsa,fsa
491,13213,fsa,fsa,fsa
492,13215,fsa,fsa,fsa
493,13217,fsa,fsa,fsa
494,13219,fg,fsa,fsa
495,13221,fg,fsa,fsa
496,13223,fg,fsa,fsa
497,13225,fg,fsa,fsa
498,13227,fsa,fsa,fsa
499,13229,fg,fsa,fsa
500,13231,fsa,fsa,fsa
501,13233,fsa,fsa,fsa
502,13235,fg,fsa,fsa
503,13237,fsa,fsa,fsa
504,13239,fg,fsa,fsa
505,13241,fsa,fsa,fsa
506,13243,fg,fsa,fsa
507,13245,fsa,fsa,fsa
508,13247,fsa,fsa,fsa
509,13249,fg,fsa,fsa
510,13251,fg,fsa,fsa
511,13253,fg,fsa,fsa
512,13255,fsa,fsa,fsa
513,13257,fsa,fsa,fsa
514,13259,fg,fsa,fsa
515,13261,fg,fsa,fsa
516,13263,fsa,fsa,fsa
517,13265,fg,fsa,fsa
518,13267,fg,fsa,fsa
519,13269,fg,fsa,fsa
520,13271,fg,fsa,fsa
521,13273,fg,fsa,fsa
522,13275,fg,fsa,fsa
523,13277,fg,fsa,fsa
524,13279,fg,fsa,fsa
525,13281,fsa,fsa,fsa
526,13283,fg,fsa,fsa
527,13285,fsa,fsa,fsa
528,13287,fg,fsa,fsa
529,13289,fg,fsa,fsa
530,13291,fsa,fsa,fsa
531,13293,fsa,fsa,fsa
532,13295,fg,fsa,fsa
533,13297,fsa,fsa,fsa
534,13299,fg,fsa,fsa
535,13301,fsa,fsa,fsa
536,13303,fg,fsa,fsa
537,13305,fg,fsa,fsa
538,13307,fg,fsa,fsa
539,13309,fg,fsa,fsa
540,13311,fg,fsa,fsa
541,13313,fsa,fsa,fsa
542,13315,fg,fsa,fsa
543,13317,fsa,fsa,fsa
544,13319,fg,fsa,fsa
545,13321,fg,fsa,fsa
546,15001,fg,fg,fg
547,15003,fg,ss,sg
548,15005,fg,fsa,fsa
549,15007,fg,ss,fsa
550,15009,fg,sg,sg
551,16001,fg,fsa,fsa
552,16003,fg,fsa,fsa
553,16005,fg,fsa,fsa
554,16007,fg,fsa,fsa
555,16009,fsa,fsa,fsa
556,16011,fg,fsa,fsa
557,16013,fg,fsa,fsa
558,16015,fsa,fsa,fsa
559,16017,fsa,fsa,fsa
560,16019,fg,fsa,fsa
561,16021,fsa,fsa,fsa
562,16023,fg,fsa,fsa
563,16025,fg,fsa,fsa
564,16027,fg,fsa,fsa
565,16029,fg,fsa,fsa
566,16031,fg,fsa,fsa
567,16033,fg,fsa,fsa
568,16035,fsa,fsa,fsa
569,16037,fg,fsa,fsa
570,16039,fg,fsa,fsa
571,16041,fg,fsa,fsa
572,16043,fg,fsa,fsa
573,16045,fg,fsa,fsa
574,16047,fg,fsa,fsa
575,16049,fg,fsa,fsa
576,16051,fg,fsa,fsa
577,16053,fg,fsa,fsa
578,16055,fg,fsa,fg
579,16057,fg,fsa,fsa
580,16059,fsa,fsa,fsa
581,16061,fg,fsa,fsa
582,16063,fg,fsa,fsa
583,16065,fg,fsa,fsa
584,16067,fg,fsa,fsa
585,16069,fsa,fsa,fsa
586,16071,fg,fsa,fsa
587,16073,fg,fsa,fsa
588,16075,fg,fsa,fg
589,16077,fg,fsa,fsa
590,16079,fg,fsa,fsa
591,16081,fg,fsa,fsa
592,16083,fg,fsa,fsa
593,16085,fg,fsa,fsa
594,16087,fsa,fsa,fsa
595,17001,fsa,fsa,fsa
596,17003,fg,fsa,fsa
597,17005,fsa,fsa,fsa
598,17007,fg,fsa,fsa
599,17009,fg,fsa,fsa
600,17011,fg,fsa,fsa
601,17013,fg,fsa,fsa
602,17015,fg,fsa,fsa
603,17017,fg,fsa,fsa
604,17019,fg,fsa,fsa
605,17021,fg,fsa,fsa
606,17023,fg,fsa,fsa
607,17025,fg,fsa,fsa
608,17027,fsa,fsa,fsa
609,17029,fsa,fsa,fsa
610,17031,fsa,fsa,fsa
611,17033,fg,fsa,fsa
612,17035,fg,fsa,fsa
613,17037,fg,fsa,fsa
614,17039,fg,fsa,fsa
615,17041,fg,fsa,fsa
616,17043,fg,fsa,fg
617,17045,fg,fsa,fsa
618,17047,fg,fsa,fsa
619,17049,fsa,fsa,fsa
620,17051,fsa,fsa,fsa
621,17053,fg,fsa,fsa
622,17055,fsa,fsa,fsa
623,17057,fg,fsa,fsa
624,17059,fg,fsa,fsa
625,17061,fg,fsa,fsa
626,17063,fg,fsa,fsa
627,17065,fg,fsa,fsa
628,17067,fsa,fsa,fsa
629,17069,fg,fsa,fsa
630,17071,fg,fsa,fsa
631,17073,fg,fsa,fsa
632,17075,fg,fsa,fsa
633,17077,fsa,fsa,fsa
634,17079,fg,fsa,fsa
635,17081,fg,fsa,fsa
636,17083,fg,fsa,fsa
637,17085,fg,fsa,fsa
638,17087,fsa,fsa,fsa
639,17089,fg,fsa,fsa
640,17091,fsa,fsa,fsa
641,17093,fg,fsa,fsa
642,17095,fg,fsa,fsa
643,17097,fsa,fsa,fsa
644,17099,fg,fsa,fsa
645,17101,fg,fsa,fsa
646,17103,fg,fsa,fsa
647,17105,fsa,fsa,fsa
648,17107,fg,fsa,fsa
649,17109,fsa,fsa,fsa
650,17111,fg,fsa,fsa
651,17113,fg,fsa,fsa
652,17115,fsa,fsa,fsa
653,17117,fsa,fsa,fsa
654,17119,fsa,fsa,fsa
655,17121,fsa,fsa,fsa
656,17123,fg,fsa,fsa
657,17125,fg,fsa,fsa
658,17127,fg,fsa,fsa
659,17129,fg,fsa,fsa
660,17131,fg,fsa,fsa
661,17133,fg,fsa,fsa
662,17135,fsa,fsa,fsa
663,17137,fsa,fsa,fsa
664,17139,fg,fsa,fsa
665,17141,fg,fsa,fsa
666,17143,fg,fsa,fsa
667,17145,fsa,fsa,fsa
668,17147,fg,fsa,fsa
669,17149,fg,fsa,fsa
670,17151,fg,fsa,fsa
671,17153,fg,fsa,fsa
672,17155,fg,fsa,fsa
673,17157,fsa,fsa,fsa
674,17159,fsa,fsa,fsa
675,17161,fsa,fsa,fg
676,17163,fsa,fsa,fsa
677,17165,fg,fsa,fsa
678,17167,fsa,fsa,fsa
679,17169,fg,fsa,fsa
680,17171,fg,fsa,fsa
681,17173,fg,fsa,fsa
682,17175,fg,fsa,fsa
683,17177,fg,fsa,fsa
684,17179,fg,fsa,fsa
685,17181,fg,fsa,fsa
686,17183,fsa,fsa,fsa
687,17185,fg,fsa,fsa
688,17187,fg,fsa,fsa
689,17189,fsa,fsa,fsa
690,17191,fsa,fsa,fsa
691,17193,fg,fsa,fsa
692,17195,fg,fsa,fsa
693,17197,fg,fsa,fsa
694,17199,fsa,fsa,fsa
695,17201,fg,fsa,fsa
696,17203,fsa,fsa,fsa
697,18001,fg,fsa,fsa
698,18003,fsa,fsa,fsa
699,18005,fg,fsa,fsa
700,18007,fg,fsa,fsa
701,18009,fg,fsa,fsa
702,18011,fg,fsa,fsa
703,18013,fg,fsa,fsa
704,18015,fg,fsa,fsa
705,18017,fg,fsa,fsa
706,18019,fg,fsa,fsa
707,18021,fg,fsa,fsa
708,18023,fg,fsa,fsa
709,18025,fg,fsa,fsa
710,18027,fg,fsa,fsa
711,18029,fg,fsa,fsa
712,18031,fsa,fsa,fsa
713,18033,fg,fsa,fsa
714,18035,fsa,fsa,fsa
715,18037,fsa,fsa,fsa
716,18039,fg,fsa,fsa
717,18041,fg,fsa,fsa
718,18043,fg,fsa,fsa
719,18045,fg,fsa,fsa
720,18047,fg,fsa,fsa
721,18049,fg,fsa,fsa
722,18051,fg,fsa,fsa
723,18053,fg,fsa,fsa
724,18055,fg,fsa,fsa
725,18057,fg,fsa,fsa
726,18059,fg,fsa,fsa
727,18061,fg,fsa,fsa
728,18063,fg,fsa,fsa
729,18065,fg,fsa,fsa
730,18067,fsa,fsa,fsa
731,18069,fg,fsa,fsa
732,18071,fg,fsa,fsa
733,18073,fg,fsa,fsa
734,18075,fg,fsa,fsa
735,18077,fg,fsa,fsa
736,18079,fsa,fsa,fsa
737,18081,fg,fsa,fsa
738,18083,fg,fg,fsa
739,18085,fg,fsa,fsa
740,18087,fg,fsa,fsa
741,18089,fsa,fsa,fsa
742,18091,fsa,fsa,fsa
743,18093,fsa,fsa,fg
744,18095,fg,fsa,fsa
745,18097,fsa,fsa,fsa
746,18099,fg,fsa,fsa
747,18101,fg,fsa,fsa
748,18103,fg,fsa,fsa
749,18105,fsa,fsa,fsa
750,18107,fg,fsa,fsa
751,18109,fg,fsa,fsa
752,18111,fg,fsa,fsa
753,18113,fg,fsa,fsa
754,18115,fg,fsa,fsa
755,18117,fg,fsa,fsa
756,18119,fg,fsa,fsa
757,18121,fg,fsa,fsa
758,18123,fg,fsa,fsa
759,18125,fg,fsa,fsa
760,18127,fsa,fsa,fsa
761,18129,fsa,fsa,fsa
762,18131,fg,fsa,fsa
763,18133,fg,fsa,fsa
764,18135,fg,fsa,fsa
765,18137,fsa,fsa,fsa
766,18139,fg,fsa,fsa
767,18141,fg,fsa,fsa
768,18143,fsa,fsa,fsa
769,18145,fg,fsa,fsa
770,18147,fg,fsa,fsa
771,18149,fg,fsa,fsa
772,18151,fg,fsa,fsa
773,18153,fg,fsa,fsa
774,18155,fg,fsa,fsa
775,18157,fg,fsa,fsa
776,18159,fg,fsa,fsa
777,18161,fg,fsa,fsa
778,18163,fsa,fsa,fsa
779,18165,fg,fsa,fsa
780,18167,fg,fsa,fg
781,18169,fg,fsa,fsa
782,18171,fg,fsa,fsa
783,18173,fg,fsa,fsa
784,18175,fsa,fsa,fsa
785,18177,fsa,fsa,fsa
786,18179,fg,fsa,fsa
787,18181,fg,fsa,fsa
788,18183,fg,fsa,fsa
789,19001,fg,fsa,fsa
790,19003,fsa,fsa,fsa
791,19005,fg,fsa,fsa
792,19007,fsa,fsa,fsa
793,19009,fg,fsa,fsa
794,19011,fg,fsa,fsa
795,19013,fg,fsa,fg
796,19015,fg,fsa,fsa
797,19017,fg,fsa,fsa
798,19019,fg,fsa,fsa
799,19021,fg,fsa,fsa
800,19023,fg,fsa,fsa
801,19025,fg,fsa,fsa
802,19027,fg,fsa,fsa
803,19029,fg,fsa,fsa
804,19031,fg,fsa,fsa
805,19033,fg,fsa,fg
806,19035,fg,fsa,fsa
807,19037,fg,fsa,fsa
808,19039,fg,fsa,fsa
809,19041,fg,fsa,fg
810,19043,fg,fsa,fsa
811,19045,fg,fsa,fsa
812,19047,fg,fsa,fsa
813,19049,fg,fsa,fsa
814,19051,fg,fsa,fsa
815,19053,fg,fsa,fsa
816,19055,fg,fsa,fsa
817,19057,fsa,fsa,fsa
818,19059,fsa,fsa,fsa
819,19061,fg,fsa,fsa
820,19063,fg,fsa,fsa
821,19065,fg,fsa,fsa
822,19067,fg,fsa,fsa
823,19069,fg,fsa,fsa
824,19071,fg,fsa,fsa
825,19073,fg,fsa,fsa
826,19075,fg,fsa,fsa
827,19077,fg,fsa,fsa
828,19079,fg,fsa,fsa
829,19081,fg,fsa,fsa
830,19083,fg,fsa,fsa
831,19085,fg,fsa,fsa
832,19087,fg,fsa,fsa
833,19089,fg,fsa,fsa
834,19091,fg,fsa,fsa
835,19093,fg,fsa,fsa
836,19095,fg,fsa,fsa
837,19097,fg,fsa,fsa
838,19099,fg,fsa,fsa
839,19101,fg,fsa,fsa
840,19103,fg,fsa,fsa
841,19105,fg,fsa,fsa
842,19107,fg,fsa,fsa
843,19109,fg,fsa,fsa
844,19111,fsa,fsa,fsa
845,19113,fg,fsa,fsa
846,19115,fg,fsa,fg
847,19117,fsa,fsa,fsa
848,19119,fg,fsa,fsa
849,19121,fg,fsa,fsa
850,19123,fg,fsa,fsa
851,19125,fg,fsa,fsa
852,19127,fg,fsa,fg
853,19129,fg,fsa,fsa
854,19131,fg,fsa,fsa
855,19133,fg,fsa,fsa
856,19135,fg,fsa,fsa
857,19137,fg,fsa,fsa
858,19139,fg,fsa,fsa
859,19141,fg,fsa,fsa
860,19143,fg,fsa,fsa
861,19145,fsa,fsa,fsa
862,19147,fg,fsa,fsa
863,19149,fg,fsa,fsa
864,19151,fg,fsa,fsa
865,19153,fg,fsa,fsa
866,19155,fsa,fsa,fg
867,19157,fg,fsa,fsa
868,19159,fg,fsa,fsa
869,19161,fg,fsa,fsa
870,19163,fsa,fsa,fsa
871,19165,fg,fsa,fsa
872,19167,fg,fsa,fsa
873,19169,fg,fsa,fg
874,19171,fg,fsa,fsa
875,19173,fg,fsa,fsa
876,19175,fsa,fsa,fsa
877,19177,fg,fsa,fsa
878,19179,fsa,fsa,fsa
879,19181,fg,fsa,fsa
880,19183,fg,fsa,fsa
881,19185,fg,fsa,fsa
882,19187,fg,fsa,fsa
883,19189,fg,fsa,fsa
884,19191,fg,fsa,fsa
885,19193,fg,fsa,fsa
886,19195,fg,fsa,fsa
887,19197,fg,fsa,fsa
888,20001,fsa,fsa,fsa
889,20003,fsa,fsa,fsa
890,20005,fsa,fsa,fsa
891,20007,fg,fsa,fsa
892,20009,fg,fsa,fg
893,20011,fsa,fsa,fsa
894,20013,fg,fsa,fsa
895,20015,fsa,fsa,fsa
896,20017,fg,fsa,fsa
897,20019,fsa,fsa,fsa
898,20021,fg,fsa,fsa
899,20023,fg,fsa,fsa
900,20025,fg,fsa,fsa
901,20027,fg,fsa,fsa
902,20029,fg,fsa,fsa
903,20031,fsa,fsa,fsa
904,20033,fg,fsa,fsa
905,20035,fg,fsa,fsa
906,20037,fg,fsa,fsa
907,20039,fg,fsa,fsa
908,20041,fg,fsa,fsa
909,20043,fg,fsa,fsa
910,20045,fsa,fsa,fsa
911,20047,fg,fsa,fsa
912,20049,fsa,fsa,fsa
913,20051,fg,fsa,fsa
914,20053,fsa,fsa,fsa
915,20055,fg,fsa,fg
916,20057,fg,fsa,fg
917,20059,fsa,fsa,fsa
918,20061,fg,fsa,fsa
919,20063,fg,fsa,fsa
920,20065,fg,fsa,fsa
921,20067,fg,fsa,fsa
922,20069,fg,fsa,fsa
923,20071,fg,fsa,fsa
924,20073,fsa,fsa,fsa
925,20075,fg,fsa,fsa
926,20077,fg,fsa,fsa
927,20079,fg,fsa,fsa
928,20081,fg,fsa,fsa
929,20083,fg,fsa,fsa
930,20085,fsa,fsa,fsa
931,20087,fg,fsa,fsa
932,20089,fg,fsa,fsa
933,20091,fg,fsa,fsa
934,20093,fg,fsa,fsa
935,20095,fg,fsa,fsa
936,20097,fg,fsa,fsa
937,20099,fsa,fsa,fsa
938,20101,fg,fsa,fsa
939,20103,fsa,fsa,fsa
940,20105,fg,fsa,fsa
941,20107,fsa,fsa,fsa
942,20109,fg,fsa,fsa
943,20111,fsa,fsa,fsa
944,20113,fg,fsa,fsa
945,20115,fsa,fsa,fsa
946,20117,fg,fsa,fsa
947,20119,fg,fsa,fsa
948,20121,fsa,fsa,fsa
949,20123,fsa,fsa,fsa
950,20125,fsa,fsa,fsa
951,20127,fsa,fsa,fsa
952,20129,fg,fsa,fsa
953,20131,fg,fsa,fsa
954,20133,fsa,fsa,fsa
955,20135,fg,fsa,fsa
956,20137,fg,fsa,fsa
957,20139,fsa,fsa,fsa
958,20141,fg,fsa,fsa
959,20143,fg,fsa,fsa
960,20145,fg,fsa,fsa
961,20147,fg,fsa,fsa
962,20149,fg,fsa,fsa
963,20151,fg,fsa,fsa
964,20153,fg,fsa,fsa
965,20155,sg,fsa,fg
966,20157,fg,fsa,fsa
967,20159,fg,fsa,fsa
968,20161,fg,fsa,fsa
969,20163,fg,fsa,fsa
970,20165,fg,fsa,fsa
971,20167,fsa,fsa,fsa
972,20169,fg,fsa,fsa
973,20171,fg,fsa,fsa
974,20173,fsa,fsa,fg
975,20175,fg,fsa,fg
976,20177,fsa,fsa,fsa
977,20179,fg,fsa,fsa
978,20181,fg,fsa,fsa
979,20183,fg,fsa,fsa
980,20185,fg,fsa,fsa
981,20187,fg,fsa,fsa
982,20189,fg,fsa,fsa
983,20191,fsa,fsa,fsa
984,20193,fg,fsa,fsa
985,20195,fg,fsa,fsa
986,20197,fsa,fsa,fsa
987,20199,fg,fsa,fsa
988,20201,fg,fsa,fsa
989,20203,fg,fsa,fsa
990,20205,fsa,fsa,fsa
991,20207,fsa,fsa,fsa
992,20209,fsa,fsa,fsa
993,21001,fg,fsa,fsa
994,21003,fsa,fsa,fsa
995,21005,fsa,fsa,fsa
996,21007,fg,fsa,fsa
997,21009,fsa,fsa,fsa
998,21011,fg,fsa,fsa
999,21013,fsa,fsa,fsa
1000,21015,fg,fsa,fsa
1001,21017,fsa,fsa,fsa
1002,21019,fsa,fsa,fsa
1003,21021,fsa,fsa,fsa
1004,21023,fg,fsa,fsa
1005,21025,fsa,fsa,fsa
1006,21027,fg,fsa,fsa
1007,21029,fg,fsa,fsa
1008,21031,fsa,fsa,fsa
1009,21033,fg,fsa,fsa
1010,21035,fg,fsa,fsa
1011,21037,fsa,fsa,fsa
1012,21039,fg,fsa,fsa
1013,21041,fg,fsa,fsa
1014,21043,fsa,fsa,fsa
1015,21045,fsa,fsa,fsa
1016,21047,fsa,fsa,fsa
1017,21049,fsa,fsa,fsa
1018,21051,fsa,fsa,fsa
1019,21053,fsa,fsa,fsa
1020,21055,fsa,fsa,fsa
1021,21057,fsa,fsa,fsa
1022,21059,fg,fsa,fsa
1023,21061,fsa,fsa,fsa
1024,21063,fg,fsa,fsa
1025,21065,fsa,fsa,fsa
1026,21067,fsa,fsa,fsa
1027,21069,fsa,fsa,fsa
1028,21071,fsa,fsa,fsa
1029,21073,fsa,fsa,fsa
1030,21075,fg,fsa,fsa
1031,21077,fg,fsa,fsa
1032,21079,fsa,fsa,fsa
1033,21081,fsa,fsa,fsa
1034,21083,fg,fsa,fsa
1035,21085,fsa,fsa,fsa
1036,21087,fsa,fsa,fsa
1037,21089,fsa,fsa,fsa
1038,21091,fg,fsa,fsa
1039,21093,fg,fsa,fsa
1040,21095,fsa,fsa,fsa
1041,21097,fsa,fsa,fsa
1042,21099,fsa,fsa,fsa
1043,21101,fsa,fsa,fsa
1044,21103,fg,fsa,fsa
1045,21105,fg,fsa,fsa
1046,21107,fsa,fsa,fsa
1047,21109,fsa,fsa,fsa
1048,21111,fsa,fsa,fsa
1049,21113,fsa,fsa,fsa
1050,21115,fsa,fsa,fsa
1051,21117,fg,fsa,fsa
1052,21119,fsa,fsa,fsa
1053,21121,fsa,fsa,fsa
1054,21123,fsa,fsa,fsa
1055,21125,fsa,fsa,fsa
1056,21127,fsa,fsa,fsa
1057,21129,fsa,fsa,fsa
1058,21131,fsa,fsa,fsa
1059,21133,fsa,fsa,fsa
1060,21135,fg,fsa,fsa
1061,21137,fsa,fsa,fsa
1062,21139,fsa,fsa,fsa
1063,21141,fg,fsa,fsa
1064,21143,fsa,fsa,fsa
1065,21145,fsa,fsa,fsa
1066,21147,fsa,fsa,fsa
1067,21149,fsa,fsa,fsa
1068,21151,fsa,fsa,fsa
1069,21153,fsa,fsa,fsa
1070,21155,fsa,fsa,fsa
1071,21157,fg,fsa,fsa
1072,21159,fsa,fsa,fsa
1073,21161,fsa,fsa,fg
1074,21163,fg,fsa,fsa
1075,21165,fsa,fsa,fsa
1076,21167,fsa,fsa,fsa
1077,21169,fg,fsa,fsa
1078,21171,fsa,fsa,fsa
1079,21173,fsa,fsa,fsa
1080,21175,fsa,fsa,fsa
1081,21177,fsa,fsa,fsa
1082,21179,fsa,fsa,fsa
1083,21181,fsa,fsa,fsa
1084,21183,fsa,fsa,fsa
1085,21185,fg,fsa,fsa
1086,21187,fg,fsa,fsa
1087,21189,fsa,fsa,fsa
1088,21191,fsa,fsa,fsa
1089,21193,fsa,fsa,fsa
1090,21195,fsa,fsa,fsa
1091,21197,fsa,fsa,fsa
1092,21199,fsa,fsa,fsa
1093,21201,fg,fsa,fsa
1094,21203,fsa,fsa,fsa
1095,21205,fsa,fsa,fsa
1096,21207,fsa,fsa,fsa
1097,21209,fsa,fsa,fsa
1098,21211,fsa,fsa,fsa
1099,21213,fsa,fsa,fsa
1100,21215,fg,fsa,fsa
1101,21217,fsa,fsa,fsa
1102,21219,fg,fsa,fsa
1103,21221,fsa,fsa,fsa
1104,21223,fg,fsa,fsa
1105,21225,fsa,fsa,fsa
1106,21227,fsa,fsa,fsa
1107,21229,fsa,fsa,fsa
1108,21231,fsa,fsa,fsa
1109,21233,fsa,fsa,fsa
1110,21235,fsa,fsa,fsa
1111,21237,fsa,fsa,fsa
1112,21239,fsa,fsa,fsa
1113,22001,fg,fsa,fg
1114,22003,fg,fsa,fsa
1115,22005,fsa,fsa,fsa
1116,22007,fsa,fsa,fsa
1117,22009,fg,fsa,fsa
1118,22011,fg,fsa,fsa
1119,22013,fg,fsa,fsa
1120,22015,fsa,fsa,fsa
1121,22017,fsa,fsa,fsa
1122,22019,fg,fsa,fsa
1123,22021,fg,fsa,fsa
1124,22023,fg,fsa,fsa
1125,22025,fg,fsa,fsa
1126,22027,fg,fsa,fsa
1127,22029,fg,fsa,fsa
1128,22031,fsa,fsa,fsa
1129,22033,fg,fsa,fsa
1130,22035,fg,fsa,fsa
1131,22037,fg,fsa,fsa
1132,22039,fg,fsa,fsa
1133,22041,fg,fsa,fsa
1134,22043,fg,fsa,fsa
1135,22045,fg,fsa,fsa
1136,22047,fg,fsa,fsa
1137,22049,fg,fsa,fsa
1138,22051,fsa,fsa,fsa
1139,22053,fg,fsa,fsa
1140,22055,fg,fsa,fsa
1141,22057,fsa,fsa,fsa
1142,22059,fg,fsa,fsa
1143,22061,fg,fsa,fsa
1144,22063,fg,fsa,fsa
1145,22065,fg,fsa,fsa
1146,22067,fg,fsa,fsa
1147,22069,fsa,fsa,fsa
1148,22071,fsa,ss,fsa
1149,22073,fsa,fsa,fsa
1150,22075,fsa,fsa,fsa
1151,22077,fg,fsa,fsa
1152,22079,fg,fsa,fsa
1153,22081,fg,fsa,fsa
1154,22083,fg,fsa,fsa
1155,22085,fsa,fsa,fsa
1156,22087,fsa,fsa,fsa
1157,22089,fsa,fsa,fsa
1158,22091,fg,fsa,fsa
1159,22093,fsa,fsa,fsa
1160,22095,fg,fsa,fsa
1161,22097,fg,fsa,fsa
1162,22099,fg,fsa,fsa
1163,22101,fsa,fsa,fsa
1164,22103,fg,fsa,fsa
1165,22105,fg,fsa,fsa
1166,22107,fsa,fsa,fsa
1167,22109,fsa,fsa,fsa
1168,22111,fg,fsa,fsa
1169,22113,fg,fsa,fsa
1170,22115,fg,fsa,fsa
1171,22117,fg,fsa,fsa
1172,22119,fg,fsa,fsa
1173,22121,fg,fsa,fsa
1174,22123,fg,fsa,fsa
1175,22125,fg,fsa,fsa
1176,22127,fg,fsa,fsa
1177,23001,fsa,fsa,fsa
1178,23003,fg,fsa,fsa
1179,23005,fsa,ss,fsa
1180,23007,fg,fsa,fg
1181,23009,fsa,ss,fsa
1182,23011,fg,fsa,fsa
1183,23013,fsa,fsa,fsa
1184,23015,fsa,fsa,fsa
1185,23017,fg,fsa,fsa
1186,23019,fg,fsa,fsa
1187,23021,fg,fsa,fsa
1188,23023,fsa,fsa,fsa
1189,23025,fsa,fsa,fsa
1190,23027,fg,fsa,fsa
1191,23029,fg,fsa,fg
1192,23031,fsa,fsa,fsa
1193,24001,fsa,fsa,fsa
1194,24003,fg,ss,ss
1195,24005,fsa,ss,fsa
1196,24009,fg,ss,fsa
1197,24011,fg,fsa,fsa
1198,24013,fsa,fsa,fsa
1199,24015,fsa,fsa,fsa
1200,24017,fg,ss,ss
1201,24019,fg,fsa,fsa
1202,24021,fsa,fsa,fsa
1203,24023,fsa,fsa,fsa
1204,24025,fsa,fg,fsa
1205,24027,fg,fsa,fsa
1206,24029,fg,fsa,fsa
1207,24031,fsa,fsa,fsa
1208,24033,fsa,ss,ss
1209,24035,fg,fsa,fsa
1210,24037,fg,fsa,fsa
1211,24039,fg,fsa,fsa
1212,24041,fg,fsa,fsa
1213,24043,fsa,fsa,fsa
1214,24045,fg,fsa,fsa
1215,24047,fg,fsa,fsa
1216,24510,fg,fsa,fsa
1217,25001,fg,ss,fsa
1218,25003,fsa,fsa,fg
1219,25005,fg,ss,ss
1220,25007,fg,fsa,fsa
1221,25009,fsa,fsa,fsa
1222,25011,fg,fsa,fsa
1223,25013,fsa,fsa,fsa
1224,25015,fsa,fsa,fsa
1225,25017,fg,ss,fsa
1226,25019,fg,fsa,fsa
1227,25021,fg,fsa,fsa
1228,25023,fsa,ss,fg
1229,25025,fg,fsa,fsa
1230,25027,fsa,fsa,fsa
1231,26001,fg,fsa,fg
1232,26003,fg,fsa,fsa
1233,26005,fg,fsa,fsa
1234,26007,fsa,fsa,fsa
1235,26009,fg,fsa,fsa
1236,26011,fsa,fsa,fsa
1237,26013,fsa,fsa,fsa
1238,26015,fg,fsa,fsa
1239,26017,fsa,fsa,fsa
1240,26019,fg,fsa,fsa
1241,26021,fsa,fsa,fsa
1242,26023,fg,fsa,fsa
1243,26025,fg,fsa,fsa
1244,26027,fg,fsa,fsa
1245,26029,fg,fsa,fsa
1246,26031,fg,fsa,fsa
1247,26033,fsa,fsa,fsa
1248,26035,fg,fsa,fsa
1249,26037,fg,fsa,fsa
1250,26039,fg,fsa,fg
1251,26041,fsa,fsa,fsa
1252,26043,fg,fsa,fsa
1253,26045,fg,fsa,fsa
1254,26047,fg,fsa,fsa
1255,26049,fg,fsa,fg
1256,26051,fg,fsa,fsa
1257,26053,fg,fsa,fsa
1258,26055,fsa,fsa,fsa
1259,26057,fg,fsa,fsa
1260,26059,fg,fsa,fg
1261,26061,fg,fsa,fsa
1262,26063,fsa,fsa,fsa
1263,26065,fg,fsa,fsa
1264,26067,fg,fsa,fsa
1265,26069,fsa,fsa,fsa
1266,26071,fg,fsa,fsa
1267,26073,fg,fsa,fg
1268,26075,fg,fsa,fsa
1269,26077,fg,fsa,fsa
1270,26079,fg,fsa,fsa
1271,26081,fg,fsa,fsa
1272,26083,fg,fsa,fsa
1273,26085,fg,fsa,fsa
1274,26087,fg,fsa,fsa
1275,26089,fg,fsa,fsa
1276,26091,fsa,fsa,fsa
1277,26093,fg,fsa,fsa
1278,26095,fg,fsa,fsa
1279,26097,fsa,fsa,fsa
1280,26099,fsa,fsa,fsa
1281,26101,fg,fsa,fsa
1282,26103,fg,fsa,fsa
1283,26105,fsa,fsa,fsa
1284,26107,fg,fsa,fsa
1285,26109,fsa,fsa,fsa
1286,26111,fg,fsa,fsa
1287,26113,fg,fsa,fg
1288,26115,fsa,fsa,fsa
1289,26117,fg,fsa,fsa
1290,26119,fg,fsa,fsa
1291,26121,fsa,fsa,fsa
1292,26123,fg,fsa,fsa
1293,26125,fg,fsa,fsa
1294,26127,fg,fsa,fsa
1295,26129,fg,fsa,fsa
1296,26131,fsa,fsa,fsa
1297,26133,fg,fsa,fsa
1298,26135,fg,fsa,fsa
1299,26137,fg,fsa,fsa
1300,26139,fsa,fsa,fg
1301,26141,fg,fsa,fsa
1302,26143,fg,fsa,fsa
1303,26145,fg,fsa,fsa
1304,26147,fsa,fsa,fsa
1305,26149,fg,fsa,fsa
1306,26151,fg,fsa,fsa
1307,26153,fsa,fsa,fsa
1308,26155,fg,fsa,fsa
1309,26157,fg,fsa,fsa
1310,26159,fg,fsa,fsa
1311,26161,fsa,fsa,fsa
1312,26163,fsa,fsa,fsa
1313,26165,fg,fsa,fsa
1314,27001,fg,fsa,fsa
1315,27003,fsa,fsa,fsa
1316,27005,fg,fsa,fsa
1317,27007,fg,fsa,fsa
1318,27009,fg,fsa,fsa
1319,27011,fg,fsa,fsa
1320,27013,fg,fsa,fsa
1321,27015,fg,fsa,fg
1322,27017,fg,fsa,fsa
1323,27019,fg,fsa,fsa
1324,27021,fg,fsa,fsa
1325,27023,fg,fsa,fsa
1326,27025,fg,fsa,fsa
1327,27027,fsa,fsa,fsa
1328,27029,fg,fsa,fsa
1329,27031,fsa,fsa,fsa
1330,27033,fg,fsa,fsa
1331,27035,fg,fsa,fsa
1332,27037,fg,fsa,fsa
1333,27039,fg,fsa,fsa
1334,27041,fg,fsa,fsa
1335,27043,fg,fsa,fsa
1336,27045,fg,fsa,fsa
1337,27047,fg,fsa,fsa
1338,27049,fg,fsa,fsa
1339,27051,fg,fsa,fsa
1340,27053,fg,fsa,fsa
1341,27055,fg,fsa,fsa
1342,27057,fg,fsa,fsa
1343,27059,fg,fsa,fsa
1344,27061,fg,fsa,fsa
1345,27063,fg,fsa,fsa
1346,27065,fg,fsa,fsa
1347,27067,fg,fsa,fg
1348,27069,fg,fsa,fsa
1349,27071,fsa,fsa,fsa
1350,27073,fg,fsa,fsa
1351,27075,fsa,fsa,fsa
1352,27077,fg,fsa,fsa
1353,27079,fg,fsa,fsa
1354,27081,fg,fsa,fsa
1355,27083,fg,fsa,fsa
1356,27085,fg,fsa,fg
1357,27087,fg,fsa,fsa
1358,27089,fg,fsa,fsa
1359,27091,fsa,fsa,fsa
1360,27093,fg,fsa,fsa
1361,27095,fg,fsa,fsa
1362,27097,fg,fsa,fsa
1363,27099,fg,fsa,fsa
1364,27101,fg,fsa,fsa
1365,27103,fg,fsa,fsa
1366,27105,fg,fsa,fsa
1367,27107,fg,fsa,fsa
1368,27109,fg,fsa,fsa
1369,27111,fg,fsa,fsa
1370,27113,fsa,fsa,fsa
1371,27115,fg,fsa,fsa
1372,27117,fg,fsa,fsa
1373,27119,fsa,fsa,fsa
1374,27121,fg,fsa,fsa
1375,27123,fsa,fsa,fg
1376,27125,fg,fsa,fsa
1377,27127,fg,fsa,fsa
1378,27129,fg,fsa,fsa
1379,27131,fg,fsa,fg
1380,27133,fg,fsa,fsa
1381,27135,fg,fsa,fsa
1382,27137,fsa,fsa,fg
1383,27139,fg,fsa,fsa
1384,27141,fg,fsa,fsa
1385,27143,fg,fsa,fsa
1386,27145,fsa,fsa,fsa
1387,27147,fg,fsa,fsa
1388,27149,fg,fsa,fsa
1389,27151,fg,fsa,fsa
1390,27153,fg,fsa,fsa
1391,27155,fg,fsa,fsa
1392,27157,fg,fsa,fsa
1393,27159,fg,fsa,fsa
1394,27161,fg,fsa,fsa
1395,27163,fg,fsa,fsa
1396,27165,fg,fsa,fsa
1397,27167,fg,fsa,fsa
1398,27169,fg,fsa,fsa
1399,27171,fg,fsa,fsa
1400,27173,fg,fsa,fsa
1401,28001,fg,fsa,fsa
1402,28003,fg,fsa,fsa
1403,28005,fg,fsa,fsa
1404,28007,fg,fsa,fsa
1405,28009,fg,fsa,fg
1406,28011,fg,fsa,fsa
1407,28013,fg,fsa,fsa
1408,28015,fg,fsa,fsa
1409,28017,fg,fsa,fsa
1410,28019,fg,fsa,sg
1411,28021,fg,fsa,fg
1412,28023,fg,fsa,fsa
1413,28025,fg,fsa,fsa
1414,28027,fg,fsa,fsa
1415,28029,fg,fsa,fsa
1416,28031,fg,fsa,fsa
1417,28033,fg,fsa,fg
1418,28035,fg,fsa,fsa
1419,28037,fg,fsa,fsa
1420,28039,fg,fsa,fsa
1421,28041,fg,fsa,fsa
1422,28043,fg,fsa,fsa
1423,28045,fg,fsa,fsa
1424,28047,fg,fsa,ss
1425,28049,fsa,fsa,fg
1426,28051,fg,fsa,fsa
1427,28053,fg,fsa,fsa
1428,28055,fg,fsa,fsa
1429,28057,fsa,fsa,fsa
1430,28059,fg,fsa,fsa
1431,28061,fg,fsa,fsa
1432,28063,fg,fsa,fsa
1433,28065,fg,fsa,fsa
1434,28067,fg,fsa,fg
1435,28069,fg,fsa,fsa
1436,28071,fg,fsa,fsa
1437,28073,fg,fsa,fg
1438,28075,fg,fsa,fsa
1439,28077,fg,fsa,fsa
1440,28079,fg,fsa,fsa
1441,28081,fg,fsa,fsa
1442,28083,fg,fsa,fsa
1443,28085,fg,fsa,fsa
1444,28087,fg,fsa,fsa
1445,28089,fg,fsa,fsa
1446,28091,fg,fsa,fsa
1447,28093,fg,fsa,fsa
1448,28095,fg,fsa,fsa
1449,28097,fg,fsa,fsa
1450,28099,fg,fsa,fsa
1451,28101,fg,fsa,fsa
1452,28103,fg,fsa,fsa
1453,28105,fg,fsa,fsa
1454,28107,fg,fsa,fsa
1455,28109,fg,fsa,fsa
1456,28111,fg,fsa,fsa
1457,28113,fg,fsa,fsa
1458,28115,fg,fsa,fsa
1459,28117,fg,fsa,fsa
1460,28119,fg,fsa,fsa
1461,28121,fg,fsa,fsa
1462,28123,fg,fsa,fsa
1463,28125,fg,fsa,fsa
1464,28127,fg,fsa,fsa
1465,28129,fg,fsa,fsa
1466,28131,fg,fsa,fsa
1467,28133,fg,fsa,fsa
1468,28135,fg,fsa,fsa
1469,28137,fg,fsa,fsa
1470,28139,fg,fsa,fsa
1471,28141,fg,fsa,fsa
1472,28143,fg,fsa,fsa
1473,28145,fg,fsa,fsa
1474,28147,fg,fsa,fsa
1475,28149,fg,fsa,fsa
1476,28151,fg,fsa,fsa
1477,28153,fg,fsa,fsa
1478,28155,fg,fsa,fsa
1479,28157,fg,fsa,fsa
1480,28159,fg,fsa,fsa
1481,28161,fg,fsa,fsa
1482,28163,fg,fsa,fsa
1483,29001,fsa,fsa,fsa
1484,29003,fg,fsa,fsa
1485,29005,fg,fsa,fsa
1486,29007,fg,fsa,fsa
1487,29009,fg,fsa,fsa
1488,29011,fg,fsa,fsa
1489,29013,fsa,fsa,fsa
1490,29015,fg,fsa,fsa
1491,29017,fg,fsa,fsa
1492,29019,fg,fsa,fg
1493,29021,fg,fsa,fg
1494,29023,fg,fsa,fsa
1495,29025,fsa,fsa,fsa
1496,29027,fg,fsa,fsa
1497,29029,fg,fsa,fsa
1498,29031,fg,fsa,fsa
1499,29033,fg,fsa,fsa
1500,29035,fg,fsa,fsa
1501,29037,fsa,fsa,fg
1502,29039,fg,fsa,fsa
1503,29041,fg,fsa,fsa
1504,29043,fg,fsa,fsa
1505,29045,fg,fsa,fsa
1506,29047,fsa,fsa,fsa
1507,29049,fsa,fsa,fsa
1508,29051,fg,fsa,fsa
1509,29053,fsa,fsa,fsa
1510,29055,fg,fsa,fsa
1511,29057,fg,fsa,fsa
1512,29059,fg,fsa,fsa
1513,29061,fg,fsa,fsa
1514,29063,fsa,fsa,fsa
1515,29065,fg,fsa,fsa
1516,29067,fg,fsa,fsa
1517,29069,fg,fsa,fg
1518,29071,fg,fsa,fsa
1519,29073,fg,fsa,fsa
1520,29075,fsa,fsa,fsa
1521,29077,fsa,fsa,fg
1522,29079,fsa,fsa,fsa
1523,29081,fg,fsa,fsa
1524,29083,fsa,fsa,fsa
1525,29085,fg,fsa,fsa
1526,29087,fg,fsa,fsa
1527,29089,fg,fsa,fsa
1528,29091,fg,fsa,fsa
1529,29093,fg,fsa,fsa
1530,29095,fg,fsa,fsa
1531,29097,fsa,fsa,fg
1532,29099,fsa,fsa,fsa
1533,29101,fg,fsa,fsa
1534,29103,fg,fsa,fsa
1535,29105,fg,fsa,fsa
1536,29107,fsa,fsa,fsa
1537,29109,fg,fsa,fsa
1538,29111,fg,fsa,fsa
1539,29113,fg,fsa,fsa
1540,29115,fsa,fsa,fsa
1541,29117,fg,fsa,fsa
1542,29119,fg,fsa,fsa
1543,29121,fsa,fsa,fsa
1544,29123,fsa,fsa,fsa
1545,29125,fg,fsa,fsa
1546,29127,fsa,fsa,fsa
1547,29129,fg,fsa,fsa
1548,29131,fg,fsa,fsa
1549,29133,fg,fsa,fsa
1550,29135,fg,fsa,fsa
1551,29137,fsa,fsa,fsa
1552,29139,fg,fsa,fsa
1553,29141,fg,fsa,fsa
1554,29143,fg,fsa,fsa
1555,29145,fsa,fsa,fsa
1556,29147,fsa,fsa,fsa
1557,29149,fg,fsa,fsa
1558,29151,fg,fsa,fsa
1559,29153,fg,fsa,fsa
1560,29155,fg,fsa,fsa
1561,29157,fsa,fsa,fsa
1562,29159,fg,fsa,fsa
1563,29161,fg,fsa,fsa
1564,29163,fsa,fsa,fsa
1565,29165,fg,fsa,fg
1566,29167,fg,fsa,fsa
1567,29169,fg,fsa,fsa
1568,29171,fsa,fsa,fsa
1569,29173,fg,fsa,fsa
1570,29175,fsa,fsa,fsa
1571,29177,fg,fsa,fsa
1572,29179,fg,fsa,fsa
1573,29181,fg,fsa,fsa
1574,29183,fg,fsa,fsa
1575,29185,fg,fsa,fsa
1576,29186,fg,fsa,fsa
1577,29187,fg,fsa,fsa
1578,29189,fsa,fsa,fsa
1579,29195,fg,fsa,fsa
1580,29197,fg,fsa,fsa
1581,29199,fsa,fsa,fsa
1582,29201,fg,fsa,fg
1583,29203,fg,fsa,fsa
1584,29205,fsa,fsa,fsa
1585,29207,fg,fsa,fsa
1586,29209,fg,fsa,fsa
1587,29211,fsa,fsa,fsa
1588,29213,fg,fsa,fsa
1589,29215,fg,fsa,fsa
1590,29217,fg,fsa,fsa
1591,29219,fg,fsa,fsa
1592,29221,fg,fsa,fsa
1593,29223,fg,fsa,fsa
1594,29225,fg,fsa,fsa
1595,29227,fg,fsa,fsa
1596,29229,fg,fsa,fsa
1597,29510,fsa,fsa,fsa
1598,30001,fg,fsa,fsa
1599,30003,fsa,fsa,fsa
1600,30005,fsa,fsa,fsa
1601,30007,fg,fsa,fsa
1602,30009,fg,fsa,fsa
1603,30011,fg,fsa,fsa
1604,30013,fsa,fsa,fsa
1605,30015,fg,fsa,fsa
1606,30017,fsa,fsa,fsa
1607,30019,fg,fsa,fsa
1608,30021,fsa,fsa,fsa
1609,30023,fg,fsa,fsa
1610,30025,fg,fsa,fsa
1611,30027,fg,fsa,fsa
1612,30029,fg,fsa,fsa
1613,30031,fg,fsa,fsa
1614,30033,fg,fsa,fsa
1615,30035,fsa,fsa,fsa
1616,30037,fg,fsa,fsa
1617,30039,fsa,fsa,fsa
1618,30041,fsa,fsa,fsa
1619,30043,fg,fsa,fsa
1620,30045,fg,fsa,fsa
1621,30047,fg,fsa,fsa
1622,30049,fsa,fsa,fsa
1623,30051,fsa,fsa,fsa
1624,30053,fsa,fsa,fsa
1625,30055,fg,fsa,fsa
1626,30057,fg,fsa,fsa
1627,30059,fsa,fsa,fsa
1628,30061,fg,fsa,fsa
1629,30063,fg,fsa,fsa
1630,30065,fg,fsa,fsa
1631,30067,fg,fsa,fsa
1632,30069,fg,fsa,fsa
1633,30071,fg,fsa,fsa
1634,30073,fsa,fsa,fsa
1635,30075,fg,fsa,fsa
1636,30077,fg,fsa,fsa
1637,30079,fg,fsa,fsa
1638,30081,fg,fsa,fsa
1639,30083,fg,fsa,fsa
1640,30085,fsa,fsa,fsa
1641,30087,fsa,fsa,fsa
1642,30089,fg,fsa,fsa
1643,30091,fg,fsa,fsa
1644,30093,fsa,fsa,fsa
1645,30095,fg,fsa,fsa
1646,30097,fg,fsa,fsa
1647,30099,fg,fsa,fsa
1648,30101,fg,fsa,fsa
1649,30103,fsa,fsa,fsa
1650,30105,fsa,fsa,fsa
1651,30107,fg,fsa,fsa
1652,30109,fg,fsa,fsa
1653,30111,fsa,fsa,fsa
1654,31001,fg,fsa,fg
1655,31003,fg,fsa,fsa
1656,31005,fg,fsa,fsa
1657,31007,fg,fsa,fsa
1658,31009,fg,fsa,fsa
1659,31011,fg,fsa,fsa
1660,31013,fg,fsa,fsa
1661,31015,fg,fsa,fsa
1662,31017,fg,fsa,fsa
1663,31019,fg,fsa,fsa
1664,31021,fg,fsa,fsa
1665,31023,fg,fsa,fsa
1666,31025,fg,fsa,fsa
1667,31027,fg,fsa,fsa
1668,31029,fg,fsa,fsa
1669,31031,fg,fsa,fsa
1670,31033,fg,fsa,fsa
1671,31035,fg,fsa,fsa
1672,31037,fg,fsa,fsa
1673,31039,fg,fsa,fsa
1674,31041,fg,fsa,fsa
1675,31043,fg,fsa,fsa
1676,31045,fsa,fsa,fsa
1677,31047,fg,fsa,fsa
1678,31049,fg,fsa,fsa
1679,31051,fg,fsa,fsa
1680,31053,fg,fg,fg
1681,31055,fsa,fsa,fsa
1682,31057,fg,fsa,fsa
1683,31059,fg,fsa,fsa
1684,31061,fg,fsa,fsa
1685,31063,fg,fsa,fsa
1686,31065,fg,fsa,fsa
1687,31067,fg,fsa,fg
1688,31069,fg,fsa,fsa
1689,31071,fg,fsa,fsa
1690,31073,fg,fsa,fsa
1691,31075,fg,fsa,fsa
1692,31077,fg,fsa,fsa
1693,31079,fg,fsa,fg
1694,31081,fg,fsa,fsa
1695,31083,fg,fsa,fsa
1696,31085,fg,fsa,fsa
1697,31087,fg,fsa,fsa
1698,31089,fg,fsa,fsa
1699,31091,fg,fsa,fsa
1700,31093,fg,fsa,fsa
1701,31095,fsa,fsa,fsa
1702,31097,fg,fsa,fsa
1703,31099,fg,fsa,fsa
1704,31101,fg,fsa,fsa
1705,31103,fg,fsa,fsa
1706,31105,fg,fsa,fsa
1707,31107,fg,fsa,fsa
1708,31109,fg,fsa,fg
1709,31111,fg,fsa,fsa
1710,31113,fg,fsa,fsa
1711,31115,fg,fsa,fsa
1712,31117,fg,fsa,fsa
1713,31119,fg,fsa,fsa
1714,31121,fg,fsa,fsa
1715,31123,fg,fsa,fsa
1716,31125,fg,fsa,fsa
1717,31127,fg,fsa,fsa
1718,31129,fg,fsa,fsa
1719,31131,fg,fsa,fsa
1720,31133,fg,fsa,fsa
1721,31135,fg,fsa,fsa
1722,31137,fg,fsa,fsa
1723,31139,fg,fsa,fsa
1724,31141,fg,fsa,fsa
1725,31143,fg,fsa,fsa
1726,31145,fg,fsa,fsa
1727,31147,fg,fsa,fsa
1728,31149,fg,fsa,fsa
1729,31151,fg,fsa,fsa
1730,31153,fg,fsa,fsa
1731,31155,fg,fsa,fsa
1732,31157,fg,fsa,fsa
1733,31159,fg,fsa,fsa
1734,31161,fg,fsa,fsa
1735,31163,fg,fsa,fsa
1736,31165,fg,fsa,fsa
1737,31167,fg,fsa,fsa
1738,31169,fg,fsa,fsa
1739,31171,fg,fsa,fsa
1740,31173,fg,fsa,fsa
1741,31175,fg,fsa,fsa
1742,31177,fsa,fsa,fsa
1743,31179,fg,fsa,fsa
1744,31181,fg,fsa,fsa
1745,31183,fg,fsa,fsa
1746,31185,fg,fsa,fsa
1747,32001,fg,fsa,sg
1748,32003,fsa,fsa,fg
1749,32005,fg,fsa,fsa
1750,32007,fg,fsa,fsa
1751,32009,fg,fsa,fsa
1752,32011,fg,fsa,sg
1753,32013,fg,fsa,fg
1754,32015,fg,fsa,fsa
1755,32017,fg,fsa,fsa
1756,32019,fg,fsa,sg
1757,32021,fg,fsa,fsa
1758,32023,fg,fsa,fsa
1759,32027,fg,fsa,fsa
1760,32029,fg,fsa,fg
1761,32031,fsa,fsa,sg
1762,32033,fg,fsa,fsa
1763,32510,fg,fsa,fsa
1764,33001,fsa,fsa,fsa
1765,33003,fg,fsa,fg
1766,33005,fg,fsa,fg
1767,33007,fsa,fsa,fsa
1768,33009,fsa,fsa,fsa
1769,33011,fsa,fsa,fsa
1770,33013,fsa,fsa,fsa
1771,33015,fg,ss,ss
1772,33017,fsa,fsa,fsa
1773,33019,fsa,fsa,fsa
1774,34001,fg,fsa,fsa
1775,34003,fsa,fsa,fsa
1776,34005,fsa,fsa,fsa
1777,34007,fg,fsa,fg
1778,34009,fg,ss,ss
1779,34011,fg,fsa,fsa
1780,34013,fg,fsa,fsa
1781,34015,fg,fsa,fsa
1782,34017,fg,fsa,fsa
1783,34019,fsa,fsa,fsa
1784,34021,fsa,fsa,fsa
1785,34023,fg,ss,fsa
1786,34025,fsa,fsa,fsa
1787,34027,fsa,fsa,fsa
1788,34029,fg,ss,fg
1789,34031,fsa,fsa,fsa
1790,34033,fg,ss,ss
1791,34035,fg,fsa,fsa
1792,34037,fg,fsa,fsa
1793,34039,fsa,fsa,fg
1794,34041,fg,fsa,fg
1795,35001,fg,fsa,fg
1796,35003,fg,fsa,fsa
1797,35005,fg,fsa,fsa
1798,35006,fg,fsa,fsa
1799,35007,fsa,fsa,fsa
1800,35009,fg,fsa,fsa
1801,35011,fg,fsa,fsa
1802,35013,fg,fsa,fg
1803,35015,fg,fsa,fsa
1804,35017,fg,fsa,fsa
1805,35019,fg,fsa,fsa
1806,35021,fg,fsa,fsa
1807,35023,fg,fsa,fg
1808,35025,fg,fsa,fg
1809,35027,fg,fsa,fsa
1810,35028,fg,fsa,fsa
1811,35029,fg,fsa,fg
1812,35031,fg,fsa,fg
1813,35033,fg,fsa,fsa
1814,35035,fsa,fsa,fsa
1815,35037,fg,fsa,fsa
1816,35039,fg,fsa,fsa
1817,35041,fg,fsa,fsa
1818,35043,fg,fsa,fsa
1819,35045,fsa,fsa,fsa
1820,35047,fsa,fsa,fsa
1821,35049,fg,fsa,fsa
1822,35051,fg,fsa,fsa
1823,35053,fg,fsa,fsa
1824,35055,fg,fsa,fsa
1825,35057,fg,fsa,fsa
1826,35059,fg,fsa,fsa
1827,35061,fg,fsa,fsa
1828,36001,fsa,fsa,fsa
1829,36003,fg,fsa,fsa
1830,36005,fg,fsa,fsa
1831,36007,fg,fsa,fsa
1832,36009,fg,fsa,fg
1833,36011,fsa,fsa,fsa
1834,36013,fg,fsa,fsa
1835,36015,fg,fsa,fsa
1836,36017,fg,fsa,fsa
1837,36019,fsa,fsa,fsa
1838,36021,fg,fsa,fsa
1839,36023,fg,fsa,fsa
1840,36025,fsa,fsa,fsa
1841,36027,fsa,fsa,fsa
1842,36029,fsa,fsa,fsa
1843,36031,fsa,fsa,fsa
1844,36033,fg,fsa,fsa
1845,36035,fsa,fsa,fsa
1846,36037,fg,fsa,fg
1847,36039,fsa,fsa,fsa
1848,36041,fg,fsa,fsa
1849,36043,fsa,fsa,fsa
1850,36045,fsa,fsa,fsa
1851,36047,fg,ss,fsa
1852,36049,fsa,fsa,fsa
1853,36051,fsa,fsa,fsa
1854,36053,fg,fsa,fsa
1855,36055,fsa,fsa,fsa
1856,36057,fsa,fsa,fsa
1857,36059,fg,ss,fg
1858,36061,fg,ss,fsa
1859,36063,fsa,fsa,fsa
1860,36065,fsa,fsa,fsa
1861,36067,fsa,fsa,fsa
1862,36069,fsa,fsa,fsa
1863,36071,fsa,fsa,fsa
1864,36073,fg,fsa,fsa
1865,36075,fsa,fsa,fsa
1866,36077,fsa,fsa,fsa
1867,36079,fg,fsa,fsa
1868,36081,fg,ss,fsa
1869,36083,fsa,fsa,fg
1870,36085,fg,ss,fsa
1871,36087,fg,ss,fsa
1872,36089,fsa,fsa,fsa
1873,36091,fsa,fsa,fsa
1874,36093,fg,fsa,fsa
1875,36095,fsa,fsa,fsa
1876,36097,fsa,fsa,fsa
1877,36099,fsa,fsa,fsa
1878,36101,fg,fsa,fsa
1879,36103,fg,ss,fg
1880,36105,fsa,fsa,fsa
1881,36107,fg,fsa,fsa
1882,36109,fsa,fsa,fsa
1883,36111,fsa,fsa,fsa
1884,36113,fsa,fsa,fsa
1885,36115,fsa,fsa,fsa
1886,36117,fsa,fsa,fsa
1887,36119,fsa,ss,fsa
1888,36121,fsa,fsa,fg
1889,36123,fsa,fsa,fsa
1890,37001,fsa,fsa,fsa
1891,37003,fg,fsa,fsa
1892,37005,fg,fsa,fsa
1893,37007,fsa,fsa,fsa
1894,37009,fg,fsa,fsa
1895,37011,fg,fsa,fsa
1896,37013,fg,fsa,fsa
1897,37015,fg,fsa,fsa
1898,37017,fsa,fsa,fsa
1899,37019,fg,ss,fsa
1900,37021,fsa,fsa,fsa
1901,37023,fsa,fsa,fsa
1902,37025,fsa,fsa,fsa
1903,37027,fsa,fsa,fsa
1904,37029,fg,fsa,fsa
1905,37031,fg,fsa,fsa
1906,37033,fsa,fsa,fsa
1907,37035,fsa,fsa,fsa
1908,37037,fsa,fsa,fsa
1909,37039,fsa,fsa,fsa
1910,37041,fg,fsa,fsa
1911,37043,fg,fsa,fsa
1912,37045,fsa,fsa,fsa
1913,37047,fg,fsa,fsa
1914,37049,fg,fsa,fsa
1915,37051,fsa,fsa,fsa
1916,37053,fg,fsa,fsa
1917,37055,fg,fsa,fsa
1918,37057,fsa,fsa,fsa
1919,37059,fsa,fsa,fsa
1920,37061,fg,fsa,fsa
1921,37063,fsa,fsa,fsa
1922,37065,fsa,fsa,fsa
1923,37067,fsa,fsa,fsa
1924,37069,fsa,fsa,fsa
1925,37071,fsa,fsa,fsa
1926,37073,fg,fsa,fsa
1927,37075,fsa,fsa,fsa
1928,37077,fsa,fsa,fsa
1929,37079,fg,fsa,fsa
1930,37081,fsa,fsa,fsa
1931,37083,fsa,fsa,fsa
1932,37085,fsa,fsa,fsa
1933,37087,fsa,fsa,fsa
1934,37089,fsa,fsa,fsa
1935,37091,fg,fsa,fsa
1936,37093,fg,fsa,fsa
1937,37095,fg,fsa,fsa
1938,37097,fsa,fsa,fsa
1939,37099,fsa,fsa,fsa
1940,37101,fsa,fsa,fsa
1941,37103,fg,fsa,fsa
1942,37105,fsa,fsa,fsa
1943,37107,fsa,fsa,fsa
1944,37109,fsa,fsa,fsa
1945,37111,fsa,fsa,fsa
1946,37113,fsa,fsa,fsa
1947,37115,fg,fsa,fsa
1948,37117,fg,fsa,fsa
1949,37119,fsa,fsa,fsa
1950,37121,fsa,fsa,fsa
1951,37123,fsa,fsa,fsa
1952,37125,fsa,fsa,fsa
1953,37127,fsa,fsa,fsa
1954,37129,fg,fsa,fsa
1955,37131,fg,fsa,fsa
1956,37133,fg,fsa,fsa
1957,37135,fsa,fsa,fsa
1958,37137,fg,fsa,fsa
1959,37139,fg,fsa,fsa
1960,37141,fg,fsa,fsa
1961,37143,fg,fsa,fsa
1962,37145,fsa,fsa,fsa
1963,37147,fsa,fsa,fsa
1964,37149,fsa,fsa,fsa
1965,37151,fsa,fsa,fsa
1966,37153,fsa,fsa,fsa
1967,37155,fg,fsa,fsa
1968,37157,fsa,fsa,fsa
1969,37159,fsa,fsa,fsa
1970,37161,fsa,fsa,fsa
1971,37163,fg,fsa,fsa
1972,37165,fg,fsa,fsa
1973,37167,fsa,fsa,fsa
1974,37169,fg,fsa,fsa
1975,37171,fsa,fsa,fsa
1976,37173,fsa,fsa,fsa
1977,37175,fsa,fsa,fsa
1978,37177,fg,fsa,fsa
1979,37179,fsa,fsa,fsa
1980,37181,fsa,fsa,fsa
1981,37183,fsa,fsa,fsa
1982,37185,fg,fsa,fsa
1983,37187,fg,fsa,fsa
1984,37189,fsa,fsa,fsa
1985,37191,fg,fsa,fsa
1986,37193,fsa,fsa,fsa
1987,37195,fsa,fsa,fsa
1988,37197,fsa,fsa,fsa
1989,37199,fsa,fsa,fsa
1990,38001,fg,fsa,fsa
1991,38003,fsa,fsa,fsa
1992,38005,fg,fsa,fsa
1993,38007,fg,fsa,fsa
1994,38009,fg,fsa,fsa
1995,38011,fg,fsa,fsa
1996,38013,fg,fsa,fsa
1997,38015,fsa,fsa,fsa
1998,38017,fsa,fsa,fsa
1999,38019,fsa,fsa,fsa
2000,38021,fg,fsa,fsa
2001,38023,fg,fsa,fsa
2002,38025,fg,fsa,fsa
2003,38027,fg,fsa,fsa
2004,38029,fsa,fsa,fsa
2005,38031,fg,fsa,fsa
2006,38033,fg,fsa,fsa
2007,38035,fsa,fsa,fsa
2008,38037,fg,fsa,fsa
2009,38039,fg,fsa,fsa
2010,38041,fg,fsa,fsa
2011,38043,fg,fsa,fsa
2012,38045,fg,fsa,fsa
2013,38047,fg,fsa,fsa
2014,38049,fg,fsa,fsa
2015,38051,fg,fsa,fsa
2016,38053,fsa,fsa,fsa
2017,38055,fsa,fsa,fsa
2018,38057,fsa,fsa,fsa
2019,38059,fsa,fsa,fsa
2020,38061,fg,fsa,fsa
2021,38063,fg,fsa,fsa
2022,38065,fg,fsa,fsa
2023,38067,fg,fsa,fsa
2024,38069,fg,fsa,fsa
2025,38071,fg,fsa,fsa
2026,38073,fg,fsa,fsa
2027,38075,fg,fsa,fsa
2028,38077,fg,fsa,fsa
2029,38079,fg,fsa,fsa
2030,38081,fg,fsa,fsa
2031,38083,fg,fsa,fsa
2032,38085,fg,fsa,fsa
2033,38087,fg,fsa,fsa
2034,38089,fg,fsa,fsa
2035,38091,fg,fsa,fsa
2036,38093,fg,fsa,fg
2037,38095,fg,fsa,fsa
2038,38097,fg,fsa,fsa
2039,38099,fsa,fsa,fsa
2040,38101,fg,fsa,fsa
2041,38103,fg,fsa,fsa
2042,38105,fsa,fsa,fsa
2043,39001,fg,fsa,fsa
2044,39003,fsa,fsa,fsa
2045,39005,fg,fsa,fsa
2046,39007,fsa,fsa,fsa
2047,39009,fg,fsa,fsa
2048,39011,fg,fsa,fsa
2049,39013,fg,fg,fsa
2050,39015,fg,fsa,fsa
2051,39017,fg,fsa,fg
2052,39019,fg,fsa,fsa
2053,39021,fg,fsa,fsa
2054,39023,fg,fsa,fsa
2055,39025,fg,fg,fsa
2056,39027,fsa,fsa,fsa
2057,39029,fsa,fsa,fsa
2058,39031,fg,fsa,fsa
2059,39033,fsa,fsa,fsa
2060,39035,fsa,fsa,fsa
2061,39037,fsa,fsa,fg
2062,39039,fsa,fsa,fsa
2063,39041,fsa,fsa,fsa
2064,39043,fsa,fsa,fsa
2065,39045,fg,fsa,fsa
2066,39047,fsa,fsa,fsa
2067,39049,fsa,fsa,fg
2068,39051,fsa,fsa,fsa
2069,39053,fg,fsa,fsa
2070,39055,fg,fsa,fsa
2071,39057,fg,fsa,fsa
2072,39059,fsa,fsa,fsa
2073,39061,fsa,fsa,fsa
2074,39063,fsa,fsa,fsa
2075,39065,fg,fsa,fsa
2076,39067,fsa,fsa,fsa
2077,39069,fsa,fsa,fsa
2078,39071,fg,fsa,fsa
2079,39073,fg,fsa,fsa
2080,39075,fg,fsa,fsa
2081,39077,fsa,fsa,fsa
2082,39079,fsa,fsa,fsa
2083,39081,fsa,fsa,fsa
2084,39083,fg,fsa,fsa
2085,39085,fsa,fsa,fsa
2086,39087,fg,fsa,fsa
2087,39089,fsa,fsa,fsa
2088,39091,fg,fsa,fsa
2089,39093,fsa,fsa,fsa
2090,39095,fsa,fsa,fsa
2091,39097,fg,fsa,fsa
2092,39099,fsa,fsa,fsa
2093,39101,fsa,fsa,fsa
2094,39103,fg,fsa,fsa
2095,39105,fg,fsa,fsa
2096,39107,fg,fsa,fsa
2097,39109,fg,fsa,fsa
2098,39111,fg,fsa,fsa
2099,39113,fg,fg,fsa
2100,39115,fg,fsa,fsa
2101,39117,fg,fsa,fsa
2102,39119,fg,fsa,fsa
2103,39121,fsa,fsa,fsa
2104,39123,fsa,fsa,fsa
2105,39125,fsa,fsa,fsa
2106,39127,fsa,fsa,fsa
2107,39129,fg,fg,fsa
2108,39131,fg,fsa,fsa
2109,39133,fsa,fsa,fsa
2110,39135,fg,fsa,fsa
2111,39137,fg,fsa,fsa
2112,39139,fsa,fsa,fsa
2113,39141,fg,fsa,fsa
2114,39143,fsa,fsa,fsa
2115,39145,fsa,fsa,fsa
2116,39147,fsa,fsa,fsa
2117,39149,fsa,fsa,fsa
2118,39151,fg,fsa,fsa
2119,39153,fg,fsa,fsa
2120,39155,fsa,fsa,fsa
2121,39157,fg,fsa,fsa
2122,39159,fg,fsa,fsa
2123,39161,fsa,fsa,fsa
2124,39163,fg,fsa,fsa
2125,39165,fg,fsa,fsa
2126,39167,fg,fsa,fsa
2127,39169,fg,fsa,fg
2128,39171,fg,fsa,fsa
2129,39173,fsa,fsa,fsa
2130,39175,fg,fsa,fsa
2131,40001,fsa,fsa,fsa
2132,40003,fg,fsa,fsa
2133,40005,fsa,fsa,fsa
2134,40007,fg,fsa,fsa
2135,40009,fg,fsa,fsa
2136,40011,fg,fsa,fsa
2137,40013,fsa,fsa,fsa
2138,40015,fsa,fsa,fsa
2139,40017,fg,fsa,fsa
2140,40019,fsa,fsa,fsa
2141,40021,fsa,fsa,fsa
2142,40023,fsa,fsa,fsa
2143,40025,fg,fsa,fsa
2144,40027,fsa,fsa,fsa
2145,40029,fsa,fsa,fsa
2146,40031,fsa,fsa,fsa
2147,40033,fg,fsa,fsa
2148,40035,fg,fsa,fsa
2149,40037,fsa,fsa,fsa
2150,40039,fg,fsa,fsa
2151,40041,fsa,fsa,fsa
2152,40043,fg,fsa,fsa
2153,40045,fg,fsa,fsa
2154,40047,fg,fsa,fsa
2155,40049,fsa,fsa,fsa
2156,40051,fg,fsa,fsa
2157,40053,fg,fsa,fsa
2158,40055,fg,fsa,fsa
2159,40057,fg,fsa,fsa
2160,40059,fg,fsa,fsa
2161,40061,fsa,fsa,fsa
2162,40063,fsa,fsa,fsa
2163,40065,fg,fsa,fsa
2164,40067,fsa,fsa,fsa
2165,40069,fsa,fsa,fsa
2166,40071,fsa,fsa,fsa
2167,40073,fg,fsa,fsa
2168,40075,fsa,fsa,fsa
2169,40077,fsa,fsa,fsa
2170,40079,fsa,fsa,fsa
2171,40081,fsa,fsa,fsa
2172,40083,fsa,fsa,fsa
2173,40085,fg,fsa,fsa
2174,40087,fg,fsa,fsa
2175,40089,fsa,fsa,fsa
2176,40091,fsa,fsa,fsa
2177,40093,fg,fsa,fsa
2178,40095,fsa,fsa,fsa
2179,40097,fsa,fsa,fsa
2180,40099,fsa,fsa,fsa
2181,40101,fsa,fsa,fsa
2182,40103,fsa,fsa,fsa
2183,40105,fsa,fsa,fsa
2184,40107,fsa,fsa,fsa
2185,40109,fsa,fsa,fsa
2186,40111,fsa,fsa,fsa
2187,40113,fsa,fsa,fsa
2188,40115,fg,fsa,fsa
2189,40117,fsa,fsa,fsa
2190,40119,fg,fsa,fsa
2191,40121,fsa,fsa,fsa
2192,40123,fsa,fsa,fsa
2193,40125,fsa,fsa,fsa
2194,40127,fsa,fsa,fsa
2195,40129,fg,fsa,fsa
2196,40131,fsa,fsa,fsa
2197,40133,fg,fsa,fsa
2198,40135,fsa,fsa,fsa
2199,40137,fg,fsa,fsa
2200,40139,fg,fsa,fsa
2201,40141,fsa,fsa,fsa
2202,40143,fg,fsa,fsa
2203,40145,fsa,fsa,fsa
2204,40147,fsa,fsa,fsa
2205,40149,fsa,fsa,fsa
2206,40151,fg,fsa,fsa
2207,40153,fg,fsa,fg
2208,41001,fsa,fsa,fsa
2209,41003,fsa,fsa,fsa
2210,41005,fsa,fsa,fsa
2211,41007,fsa,fsa,fsa
2212,41009,fsa,fsa,fsa
2213,41011,fsa,fsa,fsa
2214,41013,fg,fsa,fsa
2215,41015,fsa,fsa,fsa
2216,41017,fg,fsa,fsa
2217,41019,fsa,fsa,fsa
2218,41021,fg,fsa,fsa
2219,41023,fg,fsa,fsa
2220,41025,fg,fsa,fsa
2221,41027,fsa,fsa,fsa
2222,41029,fsa,fsa,fsa
2223,41031,fsa,fsa,fsa
2224,41033,fsa,fsa,fsa
2225,41035,fg,fsa,fsa
2226,41037,fg,fsa,fsa
2227,41039,fsa,fsa,fsa
2228,41041,fsa,fsa,fsa
2229,41043,fsa,fsa,fsa
2230,41045,fsa,fsa,fsa
2231,41047,fsa,fsa,fg
2232,41049,fsa,fsa,fsa
2233,41051,fg,fsa,fsa
2234,41053,fsa,fsa,fsa
2235,41055,fg,fsa,fsa
2236,41057,fg,fsa,fsa
2237,41059,fsa,fsa,fsa
2238,41061,fg,fsa,fsa
2239,41063,fsa,fsa,fsa
2240,41065,fg,fsa,fsa
2241,41067,fsa,fsa,fsa
2242,41069,fg,fsa,fsa
2243,41071,fsa,fsa,fsa
2244,42001,fsa,fg,fsa
2245,42003,fsa,fsa,fsa
2246,42005,fsa,fsa,fsa
2247,42007,fsa,fsa,fsa
2248,42009,fsa,fsa,fsa
2249,42011,fsa,fsa,fsa
2250,42013,fsa,fsa,fsa
2251,42015,fg,fsa,fsa
2252,42017,fsa,fsa,fsa
2253,42019,fsa,fsa,fsa
2254,42021,fsa,fsa,fsa
2255,42023,fsa,fsa,fsa
2256,42025,fsa,fsa,fsa
2257,42027,fg,fsa,fsa
2258,42029,fsa,fsa,fsa
2259,42031,fsa,fsa,fsa
2260,42033,fsa,fsa,fsa
2261,42035,fsa,fsa,fsa
2262,42037,fg,fsa,fsa
2263,42039,fg,fsa,fsa
2264,42041,fsa,fsa,fsa
2265,42043,fsa,fsa,fsa
2266,42045,fsa,fsa,fsa
2267,42047,fsa,fsa,fsa
2268,42049,fsa,fsa,fsa
2269,42051,fsa,fsa,fsa
2270,42053,fg,fsa,fsa
2271,42055,fg,fsa,fsa
2272,42057,fg,fsa,fsa
2273,42059,fsa,fsa,fsa
2274,42061,fsa,fsa,fsa
2275,42063,fsa,fsa,fsa
2276,42065,fsa,fsa,fsa
2277,42067,fsa,fsa,fsa
2278,42069,fsa,fsa,fsa
2279,42071,fsa,fsa,fsa
2280,42073,fsa,fsa,fsa
2281,42075,fsa,fsa,fg
2282,42077,fg,fsa,fsa
2283,42079,fsa,fsa,fsa
2284,42081,fsa,fsa,fsa
2285,42083,fsa,fsa,fsa
2286,42085,fsa,fsa,fsa
2287,42087,fsa,fsa,fsa
2288,42089,fg,fsa,fsa
2289,42091,fsa,fsa,fsa
2290,42093,fg,fsa,fg
2291,42095,fsa,fsa,fsa
2292,42097,fsa,fsa,fsa
2293,42099,fg,fsa,fsa
2294,42101,fsa,fsa,fsa
2295,42103,fg,fsa,fsa
2296,42105,fg,fsa,fsa
2297,42107,fsa,fsa,fg
2298,42109,fg,fsa,fsa
2299,42111,fsa,fsa,fsa
2300,42113,fg,fsa,fsa
2301,42115,fsa,fsa,fsa
2302,42117,fg,fsa,fsa
2303,42119,fsa,fsa,fsa
2304,42121,fg,fsa,fsa
2305,42123,fg,fsa,fsa
2306,42125,fsa,fsa,fsa
2307,42127,fg,fsa,fsa
2308,42129,fsa,fsa,fsa
2309,42131,fg,fsa,fsa
2310,42133,fsa,fsa,fsa
2311,44001,fg,fsa,fsa
2312,44003,fg,fsa,fsa
2313,44005,fsa,fsa,fsa
2314,44007,fsa,ss,fsa
2315,44009,fg,fsa,fsa
2316,45001,fsa,fsa,fsa
2317,45003,fsa,fsa,fsa
2318,45005,fg,fsa,fg
2319,45007,fsa,fsa,fsa
2320,45009,fg,fsa,fsa
2321,45011,fg,fsa,fsa
2322,45013,fg,fsa,fsa
2323,45015,fsa,fsa,fsa
2324,45017,fg,fsa,fsa
2325,45019,fg,fsa,fsa
2326,45021,fsa,fsa,fsa
2327,45023,fsa,fsa,fsa
2328,45025,fg,fsa,fsa
2329,45027,fg,fsa,fsa
2330,45029,fg,fsa,fsa
2331,45031,fg,fsa,fsa
2332,45033,fg,fsa,fsa
2333,45035,fsa,fsa,fg
2334,45037,fsa,fsa,fsa
2335,45039,fsa,fsa,fsa
2336,45041,fg,fsa,fsa
2337,45043,fsa,fsa,fsa
2338,45045,fsa,fsa,fsa
2339,45047,fsa,fsa,fsa
2340,45049,fg,fsa,fsa
2341,45051,fsa,fsa,fsa
2342,45053,fsa,fsa,fsa
2343,45055,fsa,fsa,fsa
2344,45057,fsa,fsa,fsa
2345,45059,fsa,fsa,fsa
2346,45061,fg,fsa,fsa
2347,45063,fsa,fsa,fsa
2348,45065,fsa,fsa,fsa
2349,45067,fg,fsa,fsa
2350,45069,fg,fsa,fsa
2351,45071,fsa,fsa,fsa
2352,45073,fsa,fsa,fsa
2353,45075,fsa,fsa,fg
2354,45077,fsa,fsa,fsa
2355,45079,fsa,fsa,fsa
2356,45081,fg,fsa,fsa
2357,45083,fsa,fsa,fsa
2358,45085,fg,fsa,fsa
2359,45087,fsa,fsa,fsa
2360,45089,fg,fsa,fsa
2361,45091,fsa,fsa,fsa
2362,46003,fsa,fsa,fsa
2363,46005,fsa,fsa,fsa
2364,46007,fsa,fsa,fsa
2365,46009,fsa,fsa,fsa
2366,46011,fg,fsa,fsa
2367,46013,fsa,fsa,fsa
2368,46015,fsa,fsa,fsa
2369,46017,fsa,fsa,fsa
2370,46019,fg,fsa,fsa
2371,46021,fsa,fsa,fsa
2372,46023,fsa,fsa,fsa
2373,46025,fg,fsa,fsa
2374,46027,fg,fsa,fsa
2375,46029,fg,fsa,fsa
2376,46031,fg,fsa,fsa
2377,46033,fg,fsa,fsa
2378,46035,fsa,fsa,fsa
2379,46037,fsa,fsa,fsa
2380,46039,fg,fsa,fsa
2381,46041,fsa,fsa,fsa
2382,46043,fsa,fsa,fsa
2383,46045,fsa,fsa,fsa
2384,46047,fg,fsa,fsa
2385,46049,fsa,fsa,fsa
2386,46051,fg,fsa,fsa
2387,46053,fg,fsa,fsa
2388,46055,fsa,fsa,fsa
2389,46057,fg,fsa,fsa
2390,46059,fsa,fsa,fsa
2391,46061,fsa,fsa,fsa
2392,46063,fg,fsa,fsa
2393,46065,fg,fsa,fsa
2394,46067,fsa,fsa,fsa
2395,46069,fsa,fsa,fsa
2396,46071,fsa,fsa,fsa
2397,46073,fg,fsa,fsa
2398,46075,fsa,fsa,fsa
2399,46077,fg,fsa,fsa
2400,46079,fg,fsa,fsa
2401,46081,fg,fsa,fsa
2402,46083,fg,fsa,fsa
2403,46085,fsa,fsa,fsa
2404,46087,fg,fsa,fsa
2405,46089,fsa,fsa,fsa
2406,46091,fg,fsa,fsa
2407,46093,fg,fsa,fsa
2408,46095,fsa,fsa,fsa
2409,46097,fg,fsa,fsa
2410,46099,fg,fsa,fsa
2411,46101,fg,fsa,fsa
2412,46102,fg,fsa,fsa
2413,46103,fsa,fsa,fsa
2414,46105,fsa,fsa,fsa
2415,46107,fsa,fsa,fsa
2416,46109,fg,fsa,fsa
2417,46111,fg,fsa,fsa
2418,46115,fsa,fsa,fsa
2419,46117,fsa,fsa,fsa
2420,46119,fg,fsa,fsa
2421,46121,fsa,fsa,fsa
2422,46123,fg,fsa,fsa
2423,46125,fg,fsa,fsa
2424,46127,fg,fsa,fsa
2425,46129,fg,fsa,fsa
2426,46135,fsa,fsa,fsa
2427,46137,fsa,fsa,fsa
2428,47001,fsa,fsa,fsa
2429,47003,fsa,fsa,fsa
2430,47005,fsa,fsa,fsa
2431,47007,fg,fsa,fsa
2432,47009,fsa,fsa,fsa
2433,47011,fsa,fsa,fsa
2434,47013,fsa,fsa,fsa
2435,47015,fsa,fsa,fsa
2436,47017,fg,fsa,fsa
2437,47019,fg,fsa,fsa
2438,47021,fsa,fsa,fsa
2439,47023,fg,fsa,fsa
2440,47025,fsa,fsa,fsa
2441,47027,fsa,fsa,fsa
2442,47029,fsa,fsa,fsa
2443,47031,fsa,fsa,fsa
2444,47033,fg,fsa,fsa
2445,47035,fsa,fsa,fsa
2446,47037,fsa,fsa,fsa
2447,47039,fsa,fsa,fsa
2448,47041,fsa,fsa,fsa
2449,47043,fsa,fsa,fsa
2450,47045,fg,fsa,fsa
2451,47047,fg,fsa,fsa
2452,47049,fsa,fsa,fsa
2453,47051,fg,fsa,fsa
2454,47053,fg,fsa,fsa
2455,47055,fsa,fsa,fsa
2456,47057,fg,fsa,fsa
2457,47059,fsa,fsa,fsa
2458,47061,fsa,fsa,fsa
2459,47063,fsa,fsa,fsa
2460,47065,fsa,fsa,fsa
2461,47067,fg,fsa,fsa
2462,47069,fg,fsa,fsa
2463,47071,fg,fsa,fsa
2464,47073,fsa,fsa,fsa
2465,47075,fg,fsa,fg
2466,47077,fg,fsa,fsa
2467,47079,fg,fsa,fsa
2468,47081,fsa,fsa,fsa
2469,47083,fsa,fsa,fsa
2470,47085,fg,fsa,fsa
2471,47087,fsa,fsa,fsa
2472,47089,fsa,fsa,fsa
2473,47091,fg,fsa,fsa
2474,47093,fsa,fsa,fsa
2475,47095,fg,fsa,fsa
2476,47097,fg,fsa,fsa
2477,47099,fg,fsa,fsa
2478,47101,fg,fsa,fsa
2479,47103,fsa,fsa,fsa
2480,47105,fsa,fsa,fsa
2481,47107,fsa,fsa,fsa
2482,47109,fg,fsa,fsa
2483,47111,fg,fsa,fsa
2484,47113,fg,fsa,fsa
2485,47115,fsa,fsa,fsa
2486,47117,fsa,fsa,fsa
2487,47119,fsa,fsa,fsa
2488,47121,fg,fsa,fsa
2489,47123,fsa,fsa,fsa
2490,47125,fsa,fsa,fsa
2491,47127,fsa,fsa,fsa
2492,47129,fsa,fsa,fsa
2493,47131,fg,fsa,fsa
2494,47133,fsa,fsa,fsa
2495,47135,fsa,fsa,fsa
2496,47137,fsa,fsa,fsa
2497,47139,fg,fsa,fsa
2498,47141,fsa,fsa,fsa
2499,47143,fsa,fsa,fsa
2500,47145,fsa,fsa,fsa
2501,47147,fsa,fsa,fsa
2502,47149,fsa,fsa,fsa
2503,47151,fsa,fsa,fsa
2504,47153,fsa,fsa,fsa
2505,47155,fsa,fsa,fsa
2506,47157,fg,fsa,fsa
2507,47159,fsa,fsa,fsa
2508,47161,fsa,fsa,fsa
2509,47163,fsa,fsa,fsa
2510,47165,fsa,fsa,fsa
2511,47167,fg,fsa,fsa
2512,47169,fsa,fsa,fsa
2513,47171,fg,fsa,fsa
2514,47173,fg,fsa,fsa
2515,47175,fg,fsa,fsa
2516,47177,fsa,fsa,fsa
2517,47179,fsa,fsa,fsa
2518,47181,fsa,fsa,fsa
2519,47183,fg,fsa,fsa
2520,47185,fsa,fsa,fsa
2521,47187,fsa,fsa,fsa
2522,47189,fsa,fsa,fsa
2523,48001,fg,fsa,fsa
2524,48003,fg,fsa,fsa
2525,48005,fg,fsa,fg
2526,48007,fg,fsa,fsa
2527,48009,fsa,fsa,fsa
2528,48011,fg,fsa,fsa
2529,48013,fg,fsa,fg
2530,48015,fg,fsa,fsa
2531,48017,fg,fsa,fsa
2532,48019,fg,fsa,fsa
2533,48021,fg,fsa,fsa
2534,48023,fsa,fsa,fsa
2535,48025,fg,fsa,fsa
2536,48027,fsa,fsa,fsa
2537,48029,fg,fsa,fsa
2538,48031,fg,fsa,fsa
2539,48033,fg,fsa,fsa
2540,48035,fg,fsa,fsa
2541,48037,fsa,fsa,fsa
2542,48039,fg,fsa,fsa
2543,48041,fg,fsa,fsa
2544,48043,fg,fsa,fsa
2545,48045,fg,fsa,fsa
2546,48047,fg,fsa,fsa
2547,48049,fg,fsa,fsa
2548,48051,fg,fsa,fsa
2549,48053,fsa,fsa,fsa
2550,48055,fg,fsa,fsa
2551,48057,fg,fsa,fsa
2552,48059,fsa,fsa,fsa
2553,48061,fsa,fsa,fsa
2554,48063,fg,fsa,fsa
2555,48065,fg,fsa,fsa
2556,48067,fg,fsa,fsa
2557,48069,fg,fsa,fsa
2558,48071,fg,ss,fsa
2559,48073,fg,fsa,fsa
2560,48075,fg,fsa,fsa
2561,48077,fsa,fsa,fsa
2562,48079,fg,fsa,fsa
2563,48081,fsa,fsa,fsa
2564,48083,fsa,fsa,fsa
2565,48085,fg,fsa,fsa
2566,48087,sg,fsa,fsa
2567,48089,fg,fsa,fsa
2568,48091,fg,fsa,fsa
2569,48093,fg,fsa,fsa
2570,48095,fg,fsa,fsa
2571,48097,fg,fsa,fsa
2572,48099,fg,fsa,fsa
2573,48101,fg,fsa,fsa
2574,48103,fg,fsa,fsa
2575,48105,fg,fsa,fsa
2576,48107,fsa,fsa,fsa
2577,48109,fg,fsa,fsa
2578,48111,fg,fsa,fsa
2579,48113,fsa,fsa,fsa
2580,48115,fg,fsa,fsa
2581,48117,fg,fsa,fsa
2582,48119,fsa,fsa,fsa
2583,48121,fsa,fsa,fsa
2584,48123,fg,fsa,fsa
2585,48125,fg,fsa,fsa
2586,48127,fg,fsa,fsa
2587,48129,fg,fsa,fsa
2588,48131,fg,fsa,fsa
2589,48133,fsa,fsa,fsa
2590,48135,fg,fsa,fg
2591,48137,sg,fsa,fsa
2592,48139,fsa,fsa,fsa
2593,48141,fg,fsa,fg
2594,48143,fg,fsa,fsa
2595,48145,fsa,fsa,fsa
2596,48147,fg,fsa,fsa
2597,48149,fg,fsa,fsa
2598,48151,fg,fsa,fsa
2599,48153,fg,fsa,fsa
2600,48155,fg,fsa,fsa
2601,48157,fg,fsa,fsa
2602,48159,fsa,fsa,fsa
2603,48161,fg,fsa,fsa
2604,48163,fg,fsa,fg
2605,48165,fg,fsa,fsa
2606,48167,fg,fsa,fsa
2607,48169,fsa,fsa,fsa
2608,48171,fg,fsa,fsa
2609,48173,fg,fsa,fsa
2610,48175,fg,fsa,fsa
2611,48177,fg,fsa,fsa
2612,48179,fg,fsa,fsa
2613,48181,fsa,fsa,fsa
2614,48183,fsa,fsa,fsa
2615,48185,fg,fsa,fsa
2616,48187,fg,fsa,fsa
2617,48189,fg,fsa,fsa
2618,48191,fg,fsa,fsa
2619,48193,fg,fsa,fsa
2620,48195,fg,fsa,fsa
2621,48197,fg,fsa,fsa
2622,48199,fg,fsa,fsa
2623,48201,fg,fsa,fsa
2624,48203,fsa,fsa,fsa
2625,48205,fg,fsa,fsa
2626,48207,fg,fsa,fsa
2627,48209,fg,fsa,fsa
2628,48211,fg,fsa,fsa
2629,48213,fg,fsa,fsa
2630,48215,fsa,fsa,fsa
2631,48217,fg,fsa,fsa
2632,48219,fg,fsa,fsa
2633,48221,fg,fsa,fsa
2634,48223,fsa,fsa,fsa
2635,48225,fg,fsa,fsa
2636,48227,fg,fsa,fsa
2637,48229,fg,fsa,fsa
2638,48231,fsa,fsa,fsa
2639,48233,fg,fsa,fsa
2640,48235,fg,fsa,fsa
2641,48237,fsa,fsa,fsa
2642,48239,fg,fsa,fsa
2643,48241,fg,fsa,fsa
2644,48243,fg,fsa,fsa
2645,48245,fsa,fsa,fsa
2646,48247,fg,fsa,fsa
2647,48249,fsa,fsa,fsa
2648,48251,fsa,fsa,fsa
2649,48253,fsa,fsa,fsa
2650,48255,sg,fsa,fsa
2651,48257,fsa,fsa,fsa
2652,48259,fg,fsa,fsa
2653,48261,fg,fsa,fsa
2654,48263,sg,fsa,fsa
2655,48265,fg,fsa,fsa
2656,48267,fsa,fsa,fsa
2657,48269,fg,fsa,fsa
2658,48271,fg,fsa,fsa
2659,48273,fg,fsa,fsa
2660,48275,fg,fsa,fsa
2661,48277,fsa,fsa,fsa
2662,48279,fg,fsa,fg
2663,48281,fsa,fsa,fsa
2664,48283,fg,fsa,fsa
2665,48285,fg,fsa,fsa
2666,48287,fg,fsa,fsa
2667,48289,fg,fsa,fsa
2668,48291,fg,fsa,fsa
2669,48293,fg,fsa,fsa
2670,48295,sg,fsa,fsa
2671,48297,fsa,fsa,fsa
2672,48299,fsa,fsa,fsa
2673,48301,fg,fsa,fsa
2674,48303,fg,fsa,fsa
2675,48305,fg,fsa,fsa
2676,48307,fg,fsa,fsa
2677,48309,fsa,fsa,fsa
2678,48311,fg,fsa,fsa
2679,48313,fg,fsa,fsa
2680,48315,fg,fsa,fsa
2681,48317,fg,fsa,fsa
2682,48319,fg,fsa,fsa
2683,48321,fg,fsa,fsa
2684,48323,fsa,fsa,fsa
2685,48325,fg,fsa,fsa
2686,48327,fsa,fsa,fsa
2687,48329,fg,fsa,fsa
2688,48331,fg,fsa,fsa
2689,48333,fsa,fsa,fsa
2690,48335,fg,fsa,fsa
2691,48337,fsa,fsa,fsa
2692,48339,fg,fsa,fsa
2693,48341,fg,fsa,fsa
2694,48343,fg,fsa,fsa
2695,48345,fg,fsa,fsa
2696,48347,fsa,fsa,fsa
2697,48349,fsa,fsa,fsa
2698,48351,fg,fsa,fsa
2699,48353,fg,fsa,fsa
2700,48355,fsa,ss,ss
2701,48357,fg,fsa,fsa
2702,48359,fg,fsa,fsa
2703,48361,fg,fsa,ss
2704,48363,ss,fsa,fsa
2705,48365,fg,fsa,fsa
2706,48367,fsa,fsa,fsa
2707,48369,fg,fsa,fsa
2708,48371,fg,fsa,fsa
2709,48373,fsa,fsa,fsa
2710,48375,fg,fsa,fsa
2711,48377,fg,fsa,fsa
2712,48379,fsa,fsa,fsa
2713,48381,fg,fsa,fsa
2714,48383,fg,fsa,fsa
2715,48385,fg,fsa,fsa
2716,48387,fg,fsa,fsa
2717,48389,fg,fsa,fsa
2718,48391,fg,fsa,fsa
2719,48393,fg,fsa,fsa
2720,48395,fg,fsa,fg
2721,48397,fg,fsa,fsa
2722,48399,fsa,fsa,fsa
2723,48401,fg,fsa,fsa
2724,48403,fg,fsa,fsa
2725,48405,fsa,fsa,fsa
2726,48407,fg,fsa,fsa
2727,48409,fg,fsa,fsa
2728,48411,fg,fsa,fsa
2729,48413,fg,fsa,fsa
2730,48415,fg,fsa,fsa
2731,48417,fg,fsa,fsa
2732,48419,fsa,fsa,fsa
2733,48421,fg,fsa,fsa
2734,48423,fsa,fsa,fsa
2735,48425,fsa,fsa,fsa
2736,48427,fsa,fsa,fsa
2737,48429,fsa,fsa,fsa
2738,48431,fg,fsa,fsa
2739,48433,fg,fsa,fsa
2740,48435,fg,fsa,fsa
2741,48437,fg,fsa,fsa
2742,48439,fsa,fsa,fsa
2743,48441,fg,fsa,fsa
2744,48443,fg,fsa,fsa
2745,48445,fg,fsa,fsa
2746,48447,fsa,fsa,fsa
2747,48449,fsa,fsa,fsa
2748,48451,fg,fsa,fsa
2749,48453,fsa,fsa,fsa
2750,48455,fg,fsa,fsa
2751,48457,fg,fsa,fsa
2752,48459,fg,fsa,fsa
2753,48461,fg,fsa,fsa
2754,48463,fg,fsa,fsa
2755,48465,fg,fsa,fsa
2756,48467,fg,fsa,fsa
2757,48469,fsa,fsa,fsa
2758,48471,fg,fsa,fsa
2759,48473,fg,fsa,fsa
2760,48475,fg,fsa,fsa
2761,48477,fg,fsa,fsa
2762,48479,fsa,fsa,fsa
2763,48481,fg,fsa,fg
2764,48483,fg,fsa,fsa
2765,48485,fg,fsa,fsa
2766,48487,fg,fsa,fsa
2767,48489,sg,fsa,fsa
2768,48491,fsa,fsa,fsa
2769,48493,fg,fsa,fsa
2770,48495,fg,fsa,fsa
2771,48497,fsa,fsa,fsa
2772,48499,fg,fsa,fsa
2773,48501,fg,fsa,fg
2774,48503,fsa,fsa,fsa
2775,48505,fsa,fsa,fsa
2776,48507,fg,fsa,fsa
2777,49001,fg,fsa,fg
2778,49003,fg,fsa,fsa
2779,49005,fg,fsa,fsa
2780,49007,fg,fsa,fsa
2781,49009,fg,fsa,fsa
2782,49011,fg,fsa,fsa
2783,49013,fsa,fsa,fsa
2784,49015,fsa,fsa,fsa
2785,49017,fg,fsa,fsa
2786,49019,fg,fsa,fsa
2787,49021,fg,fsa,fsa
2788,49023,fg,fsa,fg
2789,49025,fg,fsa,fsa
2790,49027,fg,fsa,fsa
2791,49029,fsa,fsa,fsa
2792,49031,fg,fsa,fsa
2793,49033,fg,fsa,fsa
2794,49035,fg,fsa,sg
2795,49037,fg,fsa,fsa
2796,49039,fg,fsa,fsa
2797,49041,fg,fsa,fsa
2798,49043,fg,fsa,fsa
2799,49045,fg,fsa,fsa
2800,49047,fg,fsa,fg
2801,49049,fsa,fsa,fg
2802,49051,fsa,fsa,fsa
2803,49053,fg,fsa,fsa
2804,49055,fg,fsa,fsa
2805,49057,fg,fsa,fsa
2806,50001,fg,fsa,fsa
2807,50003,fsa,fsa,fsa
2808,50005,fsa,fsa,fsa
2809,50007,fsa,fsa,fg
2810,50009,fg,fsa,fsa
2811,50011,fsa,fsa,fsa
2812,50013,fsa,fsa,fsa
2813,50015,fg,fsa,fsa
2814,50017,fsa,fsa,fsa
2815,50019,fg,fsa,fsa
2816,50021,fsa,fsa,fsa
2817,50023,fsa,fsa,fsa
2818,50025,fsa,fsa,fsa
2819,50027,fg,fsa,fsa
2820,51001,fg,fsa,fsa
2821,51003,fsa,fsa,fsa
2822,51005,fsa,fsa,fsa
2823,51007,fg,fsa,fsa
2824,51009,fsa,fsa,fsa
2825,51011,fg,fsa,fsa
2826,51013,fg,fsa,fsa
2827,51015,fsa,fsa,fsa
2828,51017,fg,fsa,fsa
2829,51019,fsa,fsa,fsa
2830,51021,fg,fsa,fsa
2831,51023,fsa,fsa,fsa
2832,51025,fsa,fsa,fsa
2833,51027,fg,fsa,fsa
2834,51029,fsa,fsa,fsa
2835,51031,fsa,fsa,fsa
2836,51033,fg,fsa,fsa
2837,51035,fg,fsa,fsa
2838,51036,fg,fsa,fsa
2839,51037,fg,fsa,fsa
2840,51041,fsa,fsa,fsa
2841,51043,fsa,fsa,fsa
2842,51045,fg,fsa,fsa
2843,51047,fsa,fsa,fsa
2844,51049,fg,fsa,fsa
2845,51051,fsa,fsa,fsa
2846,51053,fg,fsa,fsa
2847,51057,fg,fsa,fsa
2848,51059,fsa,fsa,fsa
2849,51061,fg,fsa,fsa
2850,51063,fg,fsa,fsa
2851,51065,fsa,fsa,fsa
2852,51067,fg,fsa,fsa
2853,51069,fsa,fsa,fsa
2854,51071,fg,fsa,fsa
2855,51073,fsa,fsa,fsa
2856,51075,fg,fsa,fsa
2857,51077,fg,fsa,fsa
2858,51079,fsa,fsa,fsa
2859,51081,fg,fsa,fsa
2860,51083,fsa,fsa,fsa
2861,51085,fsa,fsa,fsa
2862,51087,fsa,fsa,fsa
2863,51089,fsa,fsa,fsa
2864,51091,fg,fsa,fsa
2865,51093,fg,fsa,fsa
2866,51095,fsa,fsa,fsa
2867,51097,fg,fsa,fsa
2868,51099,fg,fsa,ss
2869,51101,fg,fsa,fsa
2870,51103,fg,fsa,fsa
2871,51105,fsa,fsa,fsa
2872,51107,fsa,fsa,fsa
2873,51109,fg,fsa,fsa
2874,51111,fsa,fsa,fsa
2875,51113,fg,fsa,fsa
2876,51115,fg,fsa,fsa
2877,51117,fsa,fsa,fsa
2878,51119,fg,fsa,fsa
2879,51121,fsa,fsa,fsa
2880,51125,fg,fsa,fsa
2881,51127,fsa,fsa,fsa
2882,51131,fg,fsa,fsa
2883,51133,fg,fsa,fsa
2884,51135,fsa,fsa,fsa
2885,51137,fsa,fsa,fsa
2886,51139,fsa,fsa,fsa
2887,51141,fsa,fsa,fsa
2888,51143,fsa,fsa,fsa
2889,51145,fg,fsa,fsa
2890,51147,fsa,fsa,fsa
2891,51149,fg,fsa,fsa
2892,51153,fsa,fsa,fsa
2893,51155,fsa,fsa,fsa
2894,51157,fg,fsa,fsa
2895,51159,fg,fsa,fsa
2896,51161,fg,fsa,fsa
2897,51163,fsa,fsa,fsa
2898,51165,fsa,fsa,fsa
2899,51167,fsa,fsa,fsa
2900,51169,fsa,fsa,fsa
2901,51171,fsa,fsa,fsa
2902,51173,fsa,fsa,fsa
2903,51175,fg,fsa,fg
2904,51177,fsa,fsa,fsa
2905,51179,fsa,fsa,fsa
2906,51181,fg,ss,fsa
2907,51183,fg,fsa,fsa
2908,51185,fsa,fsa,fsa
2909,51187,fsa,fsa,fsa
2910,51191,fsa,fsa,fsa
2911,51193,fg,fsa,fsa
2912,51195,fsa,fsa,fsa
2913,51197,fsa,fsa,fsa
2914,51199,fsa,ss,fsa
2915,51510,fg,fsa,fsa
2916,51520,fg,fsa,fsa
2917,51530,fg,fsa,fsa
2918,51540,fg,fsa,fsa
2919,51550,sg,fsa,fsa
2920,51570,fg,fsa,fsa
2921,51580,fsa,fsa,fsa
2922,51590,fsa,fsa,fsa
2923,51595,fsa,fsa,fsa
2924,51600,fg,fsa,fsa
2925,51610,fg,fsa,fsa
2926,51620,fg,fsa,fsa
2927,51630,fg,fsa,fsa
2928,51640,fsa,fsa,fsa
2929,51650,fg,fsa,fsa
2930,51660,fg,fsa,fsa
2931,51670,fsa,fsa,fsa
2932,51678,fg,fsa,fsa
2933,51680,fg,fsa,fsa
2934,51683,fsa,fsa,fsa
2935,51685,fg,fsa,fsa
2936,51690,fsa,fsa,fsa
2937,51700,fsa,fsa,fsa
2938,51710,fsa,fsa,fsa
2939,51720,fsa,fsa,fsa
2940,51730,fg,fsa,fsa
2941,51735,fg,fsa,fsa
2942,51740,fsa,fsa,sg
2943,51750,fsa,fsa,fsa
2944,51760,fsa,fsa,fsa
2945,51770,fsa,fsa,fsa
2946,51775,fsa,fsa,fsa
2947,51790,fg,fsa,fsa
2948,51800,fsa,fsa,fsa
2949,51810,fg,fsa,fsa
2950,51820,fg,fsa,fsa
2951,51830,fg,fsa,fsa
2952,51840,fg,fsa,fsa
2953,53001,fg,fsa,fsa
2954,53003,fg,fsa,fsa
2955,53005,fsa,fsa,fsa
2956,53007,fg,fsa,fsa
2957,53009,fg,fsa,fsa
2958,53011,fg,fsa,fg
2959,53013,fg,fsa,fsa
2960,53015,fg,fsa,fg
2961,53017,fg,fsa,fsa
2962,53019,fg,fsa,fsa
2963,53021,fsa,fsa,fsa
2964,53023,fg,fsa,fsa
2965,53025,fg,fsa,fsa
2966,53027,fg,fsa,fg
2967,53029,fg,fsa,fsa
2968,53031,fg,fsa,fsa
2969,53033,fsa,fsa,fsa
2970,53035,fg,fsa,fsa
2971,53037,fg,fsa,fsa
2972,53039,fg,fsa,fsa
2973,53041,fg,fsa,fsa
2974,53043,fg,fsa,fsa
2975,53045,fg,fsa,fsa
2976,53047,fg,fsa,fsa
2977,53049,fsa,fsa,fsa
2978,53051,fg,fsa,fsa
2979,53053,fg,fsa,fsa
2980,53055,fsa,fsa,fsa
2981,53057,fsa,fsa,fsa
2982,53059,fg,fsa,fsa
2983,53061,fsa,fsa,fsa
2984,53063,fg,fsa,fsa
2985,53065,fg,fsa,fg
2986,53067,fg,fsa,fsa
2987,53069,fsa,fsa,fsa
2988,53071,fg,fsa,fsa
2989,53073,fsa,fsa,fsa
2990,53075,fg,fsa,fsa
2991,53077,fg,fsa,fsa
2992,54001,fsa,fsa,fsa
2993,54003,fg,fsa,fsa
2994,54005,fsa,fsa,fsa
2995,54007,fsa,fsa,fsa
2996,54009,fg,fsa,fsa
2997,54011,fsa,fsa,fsa
2998,54013,fsa,fsa,fsa
2999,54015,fsa,fsa,fsa
3000,54017,fsa,fsa,fsa
3001,54019,fsa,fsa,fsa
3002,54021,fsa,fsa,fsa
3003,54023,fsa,fsa,fsa
3004,54025,fsa,fsa,fsa
3005,54027,fsa,fsa,fsa
3006,54029,fg,fsa,fsa
3007,54031,fsa,fsa,fsa
3008,54033,fsa,fsa,fsa
3009,54035,fsa,fsa,fsa
3010,54037,fsa,fsa,fsa
3011,54039,fsa,fsa,fsa
3012,54041,fsa,fsa,fsa
3013,54043,fsa,fsa,fsa
3014,54045,fsa,fsa,fsa
3015,54047,fg,fsa,fsa
3016,54049,fsa,fsa,fsa
3017,54051,fg,fsa,fsa
3018,54053,fg,fsa,fsa
3019,54055,fsa,fsa,fsa
3020,54057,fsa,fsa,fsa
3021,54059,fsa,fsa,fsa
3022,54061,fsa,fsa,fsa
3023,54063,fsa,fsa,fsa
3024,54065,fsa,fsa,fsa
3025,54067,fsa,fsa,fsa
3026,54069,fsa,fsa,fsa
3027,54071,fsa,fsa,fsa
3028,54073,fg,fsa,fsa
3029,54075,fsa,fsa,fsa
3030,54077,fg,fsa,fsa
3031,54079,fsa,fsa,fsa
3032,54081,fsa,fsa,fsa
3033,54083,fsa,fsa,fsa
3034,54085,fsa,fsa,fsa
3035,54087,fsa,fsa,fsa
3036,54089,fsa,fsa,fsa
3037,54091,fsa,fsa,fsa
3038,54093,fsa,fsa,fsa
3039,54095,fg,fsa,fsa
3040,54097,fsa,fsa,fsa
3041,54099,fsa,fsa,fsa
3042,54101,fsa,fsa,fsa
3043,54103,fg,fsa,fsa
3044,54105,fg,fsa,fsa
3045,54107,fg,fsa,fsa
3046,54109,fsa,fsa,fsa
3047,55001,fg,fsa,fsa
3048,55003,fsa,fsa,fsa
3049,55005,fg,fsa,fg
3050,55007,fg,fsa,fsa
3051,55009,fsa,fsa,fsa
3052,55011,fg,fsa,fsa
3053,55013,fg,fsa,fsa
3054,55015,fsa,fsa,fsa
3055,55017,fg,fsa,fsa
3056,55019,fg,fsa,fsa
3057,55021,fg,fsa,fsa
3058,55023,fg,fsa,fsa
3059,55025,fg,fsa,fsa
3060,55027,fg,fsa,fsa
3061,55029,fg,fsa,fsa
3062,55031,fg,fsa,fsa
3063,55033,fg,fsa,fsa
3064,55035,fg,fsa,fsa
3065,55037,fg,fsa,fsa
3066,55039,fg,fsa,fsa
3067,55041,fg,fsa,fsa
3068,55043,fg,fsa,fsa
3069,55045,fg,fsa,fsa
3070,55047,fg,fsa,fsa
3071,55049,fg,fsa,fsa
3072,55051,fg,fsa,fsa
3073,55053,fg,fsa,fsa
3074,55055,fg,fsa,fsa
3075,55057,fg,fsa,fsa
3076,55059,fsa,fsa,fsa
3077,55061,fg,fsa,fsa
3078,55063,fg,fsa,fsa
3079,55065,fg,fsa,fsa
3080,55067,fg,fsa,fsa
3081,55069,fg,fsa,fsa
3082,55071,fsa,fsa,fsa
3083,55073,fg,fsa,fsa
3084,55075,fsa,fsa,fsa
3085,55077,fg,fsa,fsa
3086,55078,fg,fsa,fsa
3087,55079,fsa,fsa,fsa
3088,55081,fg,fsa,fsa
3089,55083,fg,fsa,fsa
3090,55085,fg,fsa,fsa
3091,55087,fg,fsa,fsa
3092,55089,fg,fsa,fsa
3093,55091,fg,fsa,fsa
3094,55093,fg,fsa,fsa
3095,55095,fg,fsa,fsa
3096,55097,fg,fsa,fsa
3097,55099,fg,fsa,fsa
3098,55101,fsa,fsa,fsa
3099,55103,fg,fsa,fsa
3100,55105,fg,fsa,fg
3101,55107,fg,fsa,fsa
3102,55109,fg,fsa,fsa
3103,55111,fg,fsa,fsa
3104,55113,fg,fsa,fsa
3105,55115,fg,fsa,fsa
3106,55117,fsa,fsa,fsa
3107,55119,fg,fsa,fsa
3108,55121,fg,fsa,fsa
3109,55123,fg,fsa,fsa
3110,55125,fg,fsa,fsa
3111,55127,fg,fsa,fsa
3112,55129,fg,fsa,fsa
3113,55131,fg,fsa,fsa
3114,55133,fg,fsa,fsa
3115,55135,fg,fsa,fsa
3116,55137,fg,fsa,fsa
3117,55139,fsa,fsa,fsa
3118,55141,fg,fsa,fsa
3119,56001,fg,fsa,fsa
3120,56003,fg,fsa,fsa
3121,56005,fg,fsa,fg
3122,56007,fg,fsa,fsa
3123,56009,fg,fsa,fsa
3124,56011,fg,fsa,fsa
3125,56013,fsa,fsa,fsa
3126,56015,fg,fsa,fsa
3127,56017,fsa,fsa,fsa
3128,56019,fsa,fsa,fsa
3129,56021,fsa,fsa,fg
3130,56023,fg,fsa,fsa
3131,56025,fg,fsa,fsa
3132,56027,fg,fsa,fsa
3133,56029,fsa,fsa,fsa
3134,56031,fg,fsa,fsa
3135,56033,fsa,fsa,fsa
3136,56035,fsa,fsa,fsa
3137,56037,fsa,fsa,fsa
3138,56039,fg,fsa,fsa
3139,56041,fsa,fsa,fsa
3140,56043,fg,fsa,fsa
3141,56045,fg,fsa,fsa
3142,72001,fsa,fsa,fsa
3143,72003,fsa,fsa,fsa
3144,72005,fsa,fsa,fsa
3145,72007,fsa,fsa,fsa
3146,72009,fsa,fsa,fsa
3147,72011,fsa,fsa,fsa
3148,72013,fsa,fsa,fsa
3149,72015,fg,fsa,fsa
3150,72017,fg,fsa,fsa
3151,72019,fsa,fsa,fsa
3152,72021,fsa,fsa,fsa
3153,72023,fg,fsa,fsa
3154,72025,fsa,fsa,fsa
3155,72027,fg,fsa,fsa
3156,72029,fsa,fsa,fsa
3157,72031,fsa,fsa,fsa
3158,72033,fg,ss,fsa
3159,72035,fsa,fsa,fsa
3160,72037,fg,fsa,fsa
3161,72039,fsa,fsa,fsa
3162,72041,fsa,fsa,fsa
3163,72043,fsa,fsa,fsa
3164,72045,fsa,fsa,fsa
3165,72047,fsa,fsa,fsa
3166,72049,fg,fsa,fsa
3167,72051,fg,fsa,fsa
3168,72053,fsa,fsa,fsa
3169,72054,fg,fsa,fsa
3170,72055,fg,fsa,fsa
3171,72057,fsa,fsa,fsa
3172,72059,fg,ss,fsa
3173,72061,fsa,fsa,fsa
3174,72063,fsa,fsa,fsa
3175,72065,fsa,fsa,fsa
3176,72067,fg,fsa,fsa
3177,72069,fg,fsa,fsa
3178,72071,fsa,fsa,fsa
3179,72073,fsa,fsa,fsa
3180,72075,fg,fsa,fsa
3181,72077,fsa,fsa,fsa
3182,72079,fsa,fsa,fsa
3183,72081,fsa,fsa,fsa
3184,72083,fsa,fsa,fsa
3185,72085,fsa,fsa,fsa
3186,72087,fg,fsa,fsa
3187,72089,fsa,fsa,fsa
3188,72091,fg,fsa,fsa
3189,72093,fsa,fsa,fsa
3190,72095,fg,fsa,fsa
3191,72097,fsa,fsa,fsa
3192,72099,fg,fsa,fsa
3193,72101,fsa,fsa,fsa
3194,72103,fsa,fsa,fsa
3195,72105,fg,fsa,fsa
3196,72107,fsa,fsa,fsa
3197,72109,fsa,fsa,fsa
3198,72111,fsa,fsa,ss
3199,72113,fg,fsa,fsa
3200,72115,fsa,fsa,fsa
3201,72117,fg,fsa,fsa
3202,72119,fsa,fsa,fsa
3203,72121,fsa,fsa,fsa
3204,72123,fg,ss,fsa
3205,72125,fg,fsa,fsa
3206,72127,fg,ss,fsa
3207,72129,fsa,fsa,fsa
3208,72131,fsa,fsa,fsa
3209,72133,fg,fsa,fsa
3210,72135,fsa,fsa,fsa
3211,72137,fg,fsa,fsa
3212,72139,fsa,fsa,fsa
3213,72141,fsa,fsa,fsa
3214,72143,fg,fsa,fsa
3215,72145,fg,fsa,fsa
3216,72147,fg,fsa,fsa
3217,72149,fsa,fsa,fsa
3218,72151,fsa,fsa,fsa
3219,72153,fsa,fsa,fsa
3220,78010,ss,ss,fsa
3221,78020,ss,fsa,fsa
3222,78030,ss,ss,fsa
